--
-- PostgreSQL database dump
--

\restrict h5zg9GT1saZbj9X0kF12idHtkVfFalglLVFCo1ox7FkBsGa0luEYSPA8Kvog0Bb

-- Dumped from database version 16.13
-- Dumped by pg_dump version 16.13

SET statement_timeout = 0;
SET lock_timeout = 0;
SET idle_in_transaction_session_timeout = 0;
SET client_encoding = 'UTF8';
SET standard_conforming_strings = on;
SELECT pg_catalog.set_config('search_path', '', false);
SET check_function_bodies = false;
SET xmloption = content;
SET client_min_messages = warning;
SET row_security = off;

--
-- Name: public; Type: SCHEMA; Schema: -; Owner: -
--

-- *not* creating schema, since initdb creates it


--
-- Name: SCHEMA public; Type: COMMENT; Schema: -; Owner: -
--

COMMENT ON SCHEMA public IS '';


SET default_tablespace = '';

SET default_table_access_method = heap;

--
-- Name: agent_availability; Type: TABLE; Schema: public; Owner: -
--

CREATE TABLE public.agent_availability (
    id uuid DEFAULT gen_random_uuid() NOT NULL,
    code character varying(255) NOT NULL,
    label character varying(255) NOT NULL,
    can_take_calls boolean DEFAULT false NOT NULL,
    active boolean DEFAULT true NOT NULL
);


--
-- Name: call; Type: TABLE; Schema: public; Owner: -
--

CREATE TABLE public.call (
    id uuid DEFAULT gen_random_uuid() NOT NULL,
    status text DEFAULT 'OPEN'::text NOT NULL,
    agent_id uuid NOT NULL,
    disposition_id uuid,
    opened_at timestamp with time zone NOT NULL,
    closed_at timestamp with time zone,
    created_at timestamp with time zone NOT NULL,
    updated_at timestamp with time zone NOT NULL,
    direction text NOT NULL,
    duration_sec integer,
    phone_number character varying(255),
    CONSTRAINT call_direction_check CHECK ((direction = ANY (ARRAY['INBOUND'::text, 'OUTBOUND'::text]))),
    CONSTRAINT call_status_check CHECK ((status = ANY (ARRAY['OPEN'::text, 'IN_PROGRESS'::text, 'RESOLVED'::text])))
);


--
-- Name: customer; Type: TABLE; Schema: public; Owner: -
--

CREATE TABLE public.customer (
    id uuid DEFAULT gen_random_uuid() NOT NULL,
    name character varying(255) NOT NULL,
    document_id character varying(255),
    created_at timestamp with time zone NOT NULL
);


--
-- Name: disposition; Type: TABLE; Schema: public; Owner: -
--

CREATE TABLE public.disposition (
    id uuid DEFAULT gen_random_uuid() NOT NULL,
    code character varying(255) NOT NULL,
    label character varying(255) NOT NULL,
    active boolean DEFAULT true NOT NULL
);


--
-- Name: mikro_orm_migrations; Type: TABLE; Schema: public; Owner: -
--

CREATE TABLE public.mikro_orm_migrations (
    id integer NOT NULL,
    name character varying(255),
    executed_at timestamp with time zone DEFAULT CURRENT_TIMESTAMP
);


--
-- Name: mikro_orm_migrations_id_seq; Type: SEQUENCE; Schema: public; Owner: -
--

CREATE SEQUENCE public.mikro_orm_migrations_id_seq
    AS integer
    START WITH 1
    INCREMENT BY 1
    NO MINVALUE
    NO MAXVALUE
    CACHE 1;


--
-- Name: mikro_orm_migrations_id_seq; Type: SEQUENCE OWNED BY; Schema: public; Owner: -
--

ALTER SEQUENCE public.mikro_orm_migrations_id_seq OWNED BY public.mikro_orm_migrations.id;


--
-- Name: ticket; Type: TABLE; Schema: public; Owner: -
--

CREATE TABLE public.ticket (
    id uuid DEFAULT gen_random_uuid() NOT NULL,
    status text DEFAULT 'OPEN'::text NOT NULL,
    agent_id uuid NOT NULL,
    disposition_id uuid,
    opened_at timestamp with time zone NOT NULL,
    closed_at timestamp with time zone,
    created_at timestamp with time zone NOT NULL,
    updated_at timestamp with time zone NOT NULL,
    subject character varying(255) NOT NULL,
    description text,
    priority text DEFAULT 'MEDIUM'::text NOT NULL,
    channel character varying(255),
    call_id uuid,
    CONSTRAINT ticket_priority_check CHECK ((priority = ANY (ARRAY['LOW'::text, 'MEDIUM'::text, 'HIGH'::text]))),
    CONSTRAINT ticket_status_check CHECK ((status = ANY (ARRAY['OPEN'::text, 'IN_PROGRESS'::text, 'RESOLVED'::text])))
);


--
-- Name: user; Type: TABLE; Schema: public; Owner: -
--

CREATE TABLE public."user" (
    id uuid DEFAULT gen_random_uuid() NOT NULL,
    name character varying(255) NOT NULL,
    email character varying(255) NOT NULL,
    role text NOT NULL,
    customer_id uuid NOT NULL,
    created_at timestamp with time zone NOT NULL,
    password_hash character varying(255),
    availability_id uuid,
    CONSTRAINT user_role_check CHECK ((role = ANY (ARRAY['ADMIN'::text, 'AGENT'::text])))
);


--
-- Name: v_interaction; Type: VIEW; Schema: public; Owner: -
--

CREATE VIEW public.v_interaction AS
 SELECT c.id,
    'CALL'::text AS type,
    c.status,
    c.agent_id,
    u.customer_id,
    c.disposition_id,
    c.opened_at,
    c.closed_at
   FROM (public.call c
     JOIN public."user" u ON ((u.id = c.agent_id)))
UNION ALL
 SELECT t.id,
    'TICKET'::text AS type,
    t.status,
    t.agent_id,
    u.customer_id,
    t.disposition_id,
    t.opened_at,
    t.closed_at
   FROM (public.ticket t
     JOIN public."user" u ON ((u.id = t.agent_id)));


--
-- Name: mikro_orm_migrations id; Type: DEFAULT; Schema: public; Owner: -
--

ALTER TABLE ONLY public.mikro_orm_migrations ALTER COLUMN id SET DEFAULT nextval('public.mikro_orm_migrations_id_seq'::regclass);


--
-- Data for Name: agent_availability; Type: TABLE DATA; Schema: public; Owner: -
--

COPY public.agent_availability (id, code, label, can_take_calls, active) FROM stdin;
9d7ff62a-c48a-4469-9f57-b698f449a975	AVAILABLE	Disponible	t	t
5c914af5-283a-4397-893c-980105bd239b	BUSY	Ocupado	f	t
88ec218f-8240-4ced-b668-0432fbcc2c32	ON_BREAK	En pausa	f	t
3267c1b8-952c-497e-ba51-d49044f19a80	ACW	Trabajo post-llamada	f	t
daf56a96-2fd2-4fc9-9158-53700049c7ff	OFFLINE	Desconectado	f	t
\.


--
-- Data for Name: call; Type: TABLE DATA; Schema: public; Owner: -
--

COPY public.call (id, status, agent_id, disposition_id, opened_at, closed_at, created_at, updated_at, direction, duration_sec, phone_number) FROM stdin;
8bcbb516-584b-457d-918c-baa0fd36474b	RESOLVED	4f2035d2-53ac-470e-b040-86f37dc80b5c	95ae9ce4-a127-48bb-ae57-369586535bdb	2026-07-18 05:37:17.869+00	2026-07-18 05:38:07.869+00	2026-07-23 14:38:25.869+00	2026-07-23 14:38:25.869+00	OUTBOUND	50	+573225308142
c9d07452-6655-4970-8055-72f0a698703a	IN_PROGRESS	1fe6f281-15e1-4892-bf7b-6d3eeb03e238	\N	2026-07-17 03:19:11.87+00	\N	2026-07-23 14:38:25.87+00	2026-07-23 14:38:25.87+00	OUTBOUND	314	+573257893813
50037a0b-fbc2-4e6c-bcd8-d9588ed716a0	IN_PROGRESS	c7f0304c-a88d-4738-b4b4-19a5c325ff14	\N	2026-07-21 01:32:30.87+00	\N	2026-07-23 14:38:25.87+00	2026-07-23 14:38:25.87+00	INBOUND	543	+573180827209
7799e8f4-0e72-4a81-823f-f528f1c2ebdd	RESOLVED	6d2209aa-49e9-4472-bda5-7c8ff13eb923	dc253524-cdd6-4e8f-89fc-a40a9b1dab72	2026-07-13 12:01:55.87+00	2026-07-13 12:03:56.87+00	2026-07-23 14:38:25.87+00	2026-07-23 14:38:25.87+00	OUTBOUND	121	+573152837112
35b8cc05-bc73-44b5-aa1a-43e38479d948	RESOLVED	1fe6f281-15e1-4892-bf7b-6d3eeb03e238	5308e0b6-978b-4208-aca8-98d0b69f5248	2026-07-12 00:39:41.87+00	2026-07-12 00:43:37.87+00	2026-07-23 14:38:25.87+00	2026-07-23 14:38:25.87+00	OUTBOUND	236	+573131077925
1d89a574-5966-4494-bad2-43e1fac854e9	OPEN	4f2035d2-53ac-470e-b040-86f37dc80b5c	\N	2026-07-20 08:19:19.87+00	\N	2026-07-23 14:38:25.87+00	2026-07-23 14:38:25.87+00	OUTBOUND	690	+573272175985
5ad0f5d7-81cd-42ab-a185-faf8085af628	RESOLVED	6d2209aa-49e9-4472-bda5-7c8ff13eb923	132f27dc-ce3d-4854-92eb-7a85169a807c	2026-07-20 09:44:34.87+00	2026-07-20 09:51:05.87+00	2026-07-23 14:38:25.87+00	2026-07-23 14:38:25.87+00	OUTBOUND	391	+573124096756
7bdda742-8b75-417a-83d9-c748e46c3121	OPEN	4f2035d2-53ac-470e-b040-86f37dc80b5c	\N	2026-07-16 16:21:49.87+00	\N	2026-07-23 14:38:25.87+00	2026-07-23 14:38:25.87+00	OUTBOUND	739	+573016883606
64a08f49-6a7e-47e4-aa67-e400aca8c136	IN_PROGRESS	4f2035d2-53ac-470e-b040-86f37dc80b5c	\N	2026-07-16 01:33:19.87+00	\N	2026-07-23 14:38:25.87+00	2026-07-23 14:38:25.87+00	INBOUND	538	+573257371208
f62ba3e1-148e-4c0a-8224-70fb1581bf2c	IN_PROGRESS	c7f0304c-a88d-4738-b4b4-19a5c325ff14	\N	2026-07-20 23:58:37.87+00	\N	2026-07-23 14:38:25.87+00	2026-07-23 14:38:25.87+00	INBOUND	232	+573116813134
de775abe-d26d-4109-8062-41838c3e140f	RESOLVED	c7f0304c-a88d-4738-b4b4-19a5c325ff14	95ae9ce4-a127-48bb-ae57-369586535bdb	2026-07-16 10:06:18.87+00	2026-07-16 10:08:44.87+00	2026-07-23 14:38:25.87+00	2026-07-23 14:38:25.87+00	OUTBOUND	146	+573286063659
77b23158-697b-48f6-acd5-86b3789defde	RESOLVED	c7f0304c-a88d-4738-b4b4-19a5c325ff14	e51ee013-4e37-43c2-a254-ab8de2c2db31	2026-07-23 01:32:08.871+00	2026-07-23 01:45:11.871+00	2026-07-23 14:38:25.871+00	2026-07-23 14:38:25.871+00	OUTBOUND	783	+573191277619
9fcbe3d3-3d3b-484c-a536-482ea13de3a2	RESOLVED	c7f0304c-a88d-4738-b4b4-19a5c325ff14	e51ee013-4e37-43c2-a254-ab8de2c2db31	2026-07-15 09:23:15.871+00	2026-07-15 09:34:09.871+00	2026-07-23 14:38:25.871+00	2026-07-23 14:38:25.871+00	OUTBOUND	654	+573107641066
5596d8a8-bbe3-48e3-ad88-366433ef7f13	IN_PROGRESS	6d2209aa-49e9-4472-bda5-7c8ff13eb923	\N	2026-07-16 15:43:50.871+00	\N	2026-07-23 14:38:25.871+00	2026-07-23 14:38:25.871+00	OUTBOUND	647	+573075115760
3aed4181-1367-4ec4-86d8-f8aed1875e67	RESOLVED	1fe6f281-15e1-4892-bf7b-6d3eeb03e238	95ae9ce4-a127-48bb-ae57-369586535bdb	2026-07-10 00:46:22.871+00	2026-07-10 00:53:51.871+00	2026-07-23 14:38:25.871+00	2026-07-23 14:38:25.871+00	OUTBOUND	449	+573044346265
72f05376-8cd0-4bb3-b201-adfefedabcec	IN_PROGRESS	6d2209aa-49e9-4472-bda5-7c8ff13eb923	\N	2026-07-15 09:01:40.871+00	\N	2026-07-23 14:38:25.871+00	2026-07-23 14:38:25.871+00	OUTBOUND	521	+573015196639
d16709e1-7f0b-46a6-aee1-88eae7fe3f68	RESOLVED	1fe6f281-15e1-4892-bf7b-6d3eeb03e238	dc253524-cdd6-4e8f-89fc-a40a9b1dab72	2026-07-21 04:31:03.871+00	2026-07-21 04:42:48.871+00	2026-07-23 14:38:25.871+00	2026-07-23 14:38:25.871+00	INBOUND	705	+573269533865
e1a18857-7084-47d9-91e6-b16c927a1c40	RESOLVED	c7f0304c-a88d-4738-b4b4-19a5c325ff14	5308e0b6-978b-4208-aca8-98d0b69f5248	2026-07-21 02:16:10.871+00	2026-07-21 02:17:45.871+00	2026-07-23 14:38:25.871+00	2026-07-23 14:38:25.871+00	INBOUND	95	+573050117391
8c98657e-81aa-4d3b-8f6f-609f39bb138f	OPEN	1fe6f281-15e1-4892-bf7b-6d3eeb03e238	\N	2026-07-19 17:25:37.871+00	\N	2026-07-23 14:38:25.871+00	2026-07-23 14:38:25.871+00	INBOUND	797	+573255890901
4d69cabf-1c61-4bb3-85fc-31dfe4df5595	IN_PROGRESS	6d2209aa-49e9-4472-bda5-7c8ff13eb923	\N	2026-07-18 17:33:43.871+00	\N	2026-07-23 14:38:25.871+00	2026-07-23 14:38:25.871+00	OUTBOUND	112	+573007426661
d0c73af5-7fba-401f-9e7b-7975f1eadfb2	RESOLVED	6d2209aa-49e9-4472-bda5-7c8ff13eb923	e51ee013-4e37-43c2-a254-ab8de2c2db31	2026-07-21 05:40:16.871+00	2026-07-21 05:54:27.871+00	2026-07-23 14:38:25.871+00	2026-07-23 14:38:25.871+00	OUTBOUND	851	+573102431517
260a4691-a8bb-4a6d-9068-777e86c48e90	RESOLVED	1fe6f281-15e1-4892-bf7b-6d3eeb03e238	dc253524-cdd6-4e8f-89fc-a40a9b1dab72	2026-07-23 00:53:20.871+00	2026-07-23 01:01:01.871+00	2026-07-23 14:38:25.871+00	2026-07-23 14:38:25.871+00	OUTBOUND	461	+573262798535
0e78709b-8b9c-4fb2-940c-be86aeec71f6	RESOLVED	4f2035d2-53ac-470e-b040-86f37dc80b5c	e51ee013-4e37-43c2-a254-ab8de2c2db31	2026-07-18 06:59:33.871+00	2026-07-18 07:14:15.871+00	2026-07-23 14:38:25.871+00	2026-07-23 14:38:25.871+00	INBOUND	882	+573238956171
bd1436ef-f3a9-4d72-8edb-c170757ddde3	RESOLVED	1fe6f281-15e1-4892-bf7b-6d3eeb03e238	95ae9ce4-a127-48bb-ae57-369586535bdb	2026-07-10 13:21:47.871+00	2026-07-10 13:31:05.871+00	2026-07-23 14:38:25.871+00	2026-07-23 14:38:25.871+00	INBOUND	558	+573197513070
0ad2b4b2-73cc-4f7e-a530-8c786a57305b	RESOLVED	6d2209aa-49e9-4472-bda5-7c8ff13eb923	5308e0b6-978b-4208-aca8-98d0b69f5248	2026-07-10 12:07:45.871+00	2026-07-10 12:17:37.871+00	2026-07-23 14:38:25.871+00	2026-07-23 14:38:25.871+00	OUTBOUND	592	+573257293814
b0bd4eba-57de-4bea-a8f9-138e4237773f	RESOLVED	1fe6f281-15e1-4892-bf7b-6d3eeb03e238	95ae9ce4-a127-48bb-ae57-369586535bdb	2026-07-15 10:28:12.871+00	2026-07-15 10:41:00.871+00	2026-07-23 14:38:25.871+00	2026-07-23 14:38:25.871+00	OUTBOUND	768	+573030937887
dcce891b-a3e5-4fbe-bb4b-9c7bc030e34b	RESOLVED	c7f0304c-a88d-4738-b4b4-19a5c325ff14	95ae9ce4-a127-48bb-ae57-369586535bdb	2026-07-20 09:34:48.871+00	2026-07-20 09:42:33.871+00	2026-07-23 14:38:25.871+00	2026-07-23 14:38:25.871+00	OUTBOUND	465	+573099825633
f45f86be-5539-4b72-9ccc-5a457fdb80a8	RESOLVED	4f2035d2-53ac-470e-b040-86f37dc80b5c	5308e0b6-978b-4208-aca8-98d0b69f5248	2026-07-14 10:25:39.871+00	2026-07-14 10:31:48.871+00	2026-07-23 14:38:25.871+00	2026-07-23 14:38:25.871+00	INBOUND	369	+573011374833
f2d64268-7403-4162-834f-c7aa2509b864	RESOLVED	4f2035d2-53ac-470e-b040-86f37dc80b5c	e51ee013-4e37-43c2-a254-ab8de2c2db31	2026-07-15 20:31:50.871+00	2026-07-15 20:46:26.871+00	2026-07-23 14:38:25.871+00	2026-07-23 14:38:25.871+00	INBOUND	876	+573113424444
a21c159e-4b2a-4254-8e55-2dd9800bde62	RESOLVED	4f2035d2-53ac-470e-b040-86f37dc80b5c	5308e0b6-978b-4208-aca8-98d0b69f5248	2026-07-10 22:02:37.871+00	2026-07-10 22:10:38.871+00	2026-07-23 14:38:25.871+00	2026-07-23 14:38:25.871+00	INBOUND	481	+573101961224
1934ec93-68e0-4cab-b4ca-26875008a20e	RESOLVED	6d2209aa-49e9-4472-bda5-7c8ff13eb923	132f27dc-ce3d-4854-92eb-7a85169a807c	2026-07-11 23:55:41.871+00	2026-07-12 00:01:03.871+00	2026-07-23 14:38:25.871+00	2026-07-23 14:38:25.871+00	OUTBOUND	322	+573026814280
5af6cb56-c8a1-4064-92dd-443060478dc2	IN_PROGRESS	1fe6f281-15e1-4892-bf7b-6d3eeb03e238	\N	2026-07-10 12:38:38.871+00	\N	2026-07-23 14:38:25.871+00	2026-07-23 14:38:25.871+00	INBOUND	691	+573209256263
a8b4a0bc-59d3-44ad-8563-0797c94c8a35	RESOLVED	c7f0304c-a88d-4738-b4b4-19a5c325ff14	5308e0b6-978b-4208-aca8-98d0b69f5248	2026-07-14 22:44:23.871+00	2026-07-14 22:51:43.871+00	2026-07-23 14:38:25.871+00	2026-07-23 14:38:25.871+00	INBOUND	440	+573173316595
a78bc73c-8dd1-473b-a4f7-d3a30ea9b81c	RESOLVED	4f2035d2-53ac-470e-b040-86f37dc80b5c	5308e0b6-978b-4208-aca8-98d0b69f5248	2026-07-12 00:54:12.871+00	2026-07-12 00:55:13.871+00	2026-07-23 14:38:25.871+00	2026-07-23 14:38:25.871+00	INBOUND	61	+573200082952
f07002bf-59d9-43a3-8ef4-7d34e4e7acfa	RESOLVED	c7f0304c-a88d-4738-b4b4-19a5c325ff14	5308e0b6-978b-4208-aca8-98d0b69f5248	2026-07-14 18:23:17.871+00	2026-07-14 18:32:41.871+00	2026-07-23 14:38:25.871+00	2026-07-23 14:38:25.871+00	INBOUND	564	+573279381614
2646cd6b-2fd7-4340-bd3d-19d329e158c3	RESOLVED	c7f0304c-a88d-4738-b4b4-19a5c325ff14	e51ee013-4e37-43c2-a254-ab8de2c2db31	2026-07-12 16:22:45.871+00	2026-07-12 16:31:25.871+00	2026-07-23 14:38:25.871+00	2026-07-23 14:38:25.871+00	INBOUND	520	+573104997025
71cb41e6-528b-4238-924f-7452f0a03d29	RESOLVED	c7f0304c-a88d-4738-b4b4-19a5c325ff14	132f27dc-ce3d-4854-92eb-7a85169a807c	2026-07-18 16:27:00.871+00	2026-07-18 16:32:26.871+00	2026-07-23 14:38:25.871+00	2026-07-23 14:38:25.871+00	INBOUND	326	+573088546078
23646cf6-e94c-406c-ad48-ebb2ea554214	RESOLVED	6d2209aa-49e9-4472-bda5-7c8ff13eb923	5308e0b6-978b-4208-aca8-98d0b69f5248	2026-07-13 06:46:37.871+00	2026-07-13 07:00:54.871+00	2026-07-23 14:38:25.871+00	2026-07-23 14:38:25.871+00	OUTBOUND	857	+573269779127
68958b7c-fc55-4fcc-a552-32d57f59e17e	IN_PROGRESS	1fe6f281-15e1-4892-bf7b-6d3eeb03e238	\N	2026-07-10 05:11:55.871+00	\N	2026-07-23 14:38:25.871+00	2026-07-23 14:38:25.871+00	OUTBOUND	460	+573033682085
e0150077-bc85-4704-b8f2-f6ab1d8650c5	RESOLVED	4f2035d2-53ac-470e-b040-86f37dc80b5c	95ae9ce4-a127-48bb-ae57-369586535bdb	2026-07-18 18:06:55.871+00	2026-07-18 18:18:07.871+00	2026-07-23 14:38:25.871+00	2026-07-23 14:38:25.871+00	INBOUND	672	+573235379640
a22525a4-b496-4f4b-a061-1388a76aea52	RESOLVED	4f2035d2-53ac-470e-b040-86f37dc80b5c	5308e0b6-978b-4208-aca8-98d0b69f5248	2026-07-14 16:00:33.871+00	2026-07-14 16:02:21.871+00	2026-07-23 14:38:25.871+00	2026-07-23 14:38:25.871+00	INBOUND	108	+573237658834
1fc994f8-f257-4189-bdbc-721cb15b5861	OPEN	6d2209aa-49e9-4472-bda5-7c8ff13eb923	\N	2026-07-17 07:34:30.871+00	\N	2026-07-23 14:38:25.871+00	2026-07-23 14:38:25.871+00	INBOUND	230	+573084522537
877f3671-79f5-4c06-954e-831aff098d31	RESOLVED	6d2209aa-49e9-4472-bda5-7c8ff13eb923	95ae9ce4-a127-48bb-ae57-369586535bdb	2026-07-13 23:19:13.871+00	2026-07-13 23:20:10.871+00	2026-07-23 14:38:25.871+00	2026-07-23 14:38:25.871+00	INBOUND	57	+573054181562
2e9d611c-f6b7-4948-9c1f-919fd091302b	RESOLVED	4f2035d2-53ac-470e-b040-86f37dc80b5c	95ae9ce4-a127-48bb-ae57-369586535bdb	2026-07-16 08:29:36.871+00	2026-07-16 08:34:47.871+00	2026-07-23 14:38:25.871+00	2026-07-23 14:38:25.871+00	INBOUND	311	+573249811929
768df545-de85-44b0-bcf7-3028de22ff35	RESOLVED	6d2209aa-49e9-4472-bda5-7c8ff13eb923	5308e0b6-978b-4208-aca8-98d0b69f5248	2026-07-17 00:04:06.872+00	2026-07-17 00:12:51.872+00	2026-07-23 14:38:25.872+00	2026-07-23 14:38:25.872+00	OUTBOUND	525	+573204605852
44199619-6747-4f2b-9699-11c64ee95b07	RESOLVED	4f2035d2-53ac-470e-b040-86f37dc80b5c	5308e0b6-978b-4208-aca8-98d0b69f5248	2026-07-19 13:12:20.872+00	2026-07-19 13:19:26.872+00	2026-07-23 14:38:25.872+00	2026-07-23 14:38:25.872+00	OUTBOUND	426	+573042379970
f86c1fec-9ad7-4e22-af48-d95238003f8a	RESOLVED	1fe6f281-15e1-4892-bf7b-6d3eeb03e238	95ae9ce4-a127-48bb-ae57-369586535bdb	2026-07-14 01:34:22.872+00	2026-07-14 01:36:35.872+00	2026-07-23 14:38:25.872+00	2026-07-23 14:38:25.872+00	OUTBOUND	133	+573216564410
22718b89-05f3-434f-8d16-1ebe4ada3f75	RESOLVED	c7f0304c-a88d-4738-b4b4-19a5c325ff14	132f27dc-ce3d-4854-92eb-7a85169a807c	2026-07-16 13:51:30.872+00	2026-07-16 13:57:07.872+00	2026-07-23 14:38:25.872+00	2026-07-23 14:38:25.872+00	OUTBOUND	337	+573015788381
518f9aca-e96e-488b-9b1b-6d9e7f957d0d	RESOLVED	1fe6f281-15e1-4892-bf7b-6d3eeb03e238	5308e0b6-978b-4208-aca8-98d0b69f5248	2026-07-22 16:34:53.872+00	2026-07-22 16:39:21.872+00	2026-07-23 14:38:25.872+00	2026-07-23 14:38:25.872+00	INBOUND	268	+573079896556
f4a20c7a-de9a-4665-bfc6-2c404658c075	RESOLVED	4f2035d2-53ac-470e-b040-86f37dc80b5c	dc253524-cdd6-4e8f-89fc-a40a9b1dab72	2026-07-17 14:13:28.872+00	2026-07-17 14:28:21.872+00	2026-07-23 14:38:25.872+00	2026-07-23 14:38:25.872+00	INBOUND	893	+573143299096
aea85b99-f148-4143-947d-2194d1f4cb20	RESOLVED	c7f0304c-a88d-4738-b4b4-19a5c325ff14	e51ee013-4e37-43c2-a254-ab8de2c2db31	2026-07-19 19:18:52.872+00	2026-07-19 19:26:49.872+00	2026-07-23 14:38:25.872+00	2026-07-23 14:38:25.872+00	INBOUND	477	+573242078348
d867f2e1-664c-4dcc-afad-ce242265bafe	IN_PROGRESS	4f2035d2-53ac-470e-b040-86f37dc80b5c	\N	2026-07-11 04:04:11.872+00	\N	2026-07-23 14:38:25.872+00	2026-07-23 14:38:25.872+00	OUTBOUND	63	+573163944895
886a29cd-36a0-48cb-9b37-544bf8872988	RESOLVED	c7f0304c-a88d-4738-b4b4-19a5c325ff14	e51ee013-4e37-43c2-a254-ab8de2c2db31	2026-07-19 03:46:38.872+00	2026-07-19 04:00:52.872+00	2026-07-23 14:38:25.872+00	2026-07-23 14:38:25.872+00	INBOUND	854	+573019584516
6515444b-7acf-4996-84fd-983c4f8bd7c9	OPEN	c7f0304c-a88d-4738-b4b4-19a5c325ff14	\N	2026-07-10 16:44:08.872+00	\N	2026-07-23 14:38:25.872+00	2026-07-23 14:38:25.872+00	OUTBOUND	431	+573093794314
bc453211-8ca4-4812-8b10-cb187d00fb2f	RESOLVED	6d2209aa-49e9-4472-bda5-7c8ff13eb923	5308e0b6-978b-4208-aca8-98d0b69f5248	2026-07-11 22:43:16.872+00	2026-07-11 22:46:00.872+00	2026-07-23 14:38:25.872+00	2026-07-23 14:38:25.872+00	INBOUND	164	+573000519862
dc007f93-bec8-4bf4-bc58-3dfa8924184b	IN_PROGRESS	4f2035d2-53ac-470e-b040-86f37dc80b5c	\N	2026-07-20 08:02:47.872+00	\N	2026-07-23 14:38:25.872+00	2026-07-23 14:38:25.872+00	OUTBOUND	387	+573286352973
f1007a38-1c00-4cb2-a61d-da65bd9bc190	OPEN	6d2209aa-49e9-4472-bda5-7c8ff13eb923	\N	2026-07-22 17:46:41.872+00	\N	2026-07-23 14:38:25.872+00	2026-07-23 14:38:25.872+00	OUTBOUND	72	+573181689338
8217fec6-f824-4783-a36b-952f53428281	IN_PROGRESS	4f2035d2-53ac-470e-b040-86f37dc80b5c	\N	2026-07-18 10:55:33.872+00	\N	2026-07-23 14:38:25.872+00	2026-07-23 14:38:25.872+00	OUTBOUND	768	+573260869974
9ce5693d-f345-4b11-8826-364131871b43	RESOLVED	6d2209aa-49e9-4472-bda5-7c8ff13eb923	5308e0b6-978b-4208-aca8-98d0b69f5248	2026-07-10 22:48:29.872+00	2026-07-10 22:49:44.872+00	2026-07-23 14:38:25.872+00	2026-07-23 14:38:25.872+00	INBOUND	75	+573148076795
7d10119b-0cbb-4834-8b0a-58860f06c10d	RESOLVED	1fe6f281-15e1-4892-bf7b-6d3eeb03e238	dc253524-cdd6-4e8f-89fc-a40a9b1dab72	2026-07-15 02:12:49.872+00	2026-07-15 02:24:12.872+00	2026-07-23 14:38:25.872+00	2026-07-23 14:38:25.872+00	OUTBOUND	683	+573248402192
67bec1fc-819d-481c-bfde-99ecab75d0e9	IN_PROGRESS	1fe6f281-15e1-4892-bf7b-6d3eeb03e238	\N	2026-07-10 07:28:51.872+00	\N	2026-07-23 14:38:25.872+00	2026-07-23 14:38:25.872+00	INBOUND	347	+573131200778
052e2236-c9f9-4b09-8c05-df613c087588	RESOLVED	4f2035d2-53ac-470e-b040-86f37dc80b5c	95ae9ce4-a127-48bb-ae57-369586535bdb	2026-07-17 08:50:11.872+00	2026-07-17 08:57:05.872+00	2026-07-23 14:38:25.872+00	2026-07-23 14:38:25.872+00	OUTBOUND	414	+573173978089
d1fac810-d85a-463d-9c97-6285aa5081df	OPEN	c7f0304c-a88d-4738-b4b4-19a5c325ff14	\N	2026-07-22 08:51:11.872+00	\N	2026-07-23 14:38:25.872+00	2026-07-23 14:38:25.872+00	INBOUND	509	+573009547109
5747ebb5-d684-4bde-b768-b00bfbb86ea8	RESOLVED	c7f0304c-a88d-4738-b4b4-19a5c325ff14	e51ee013-4e37-43c2-a254-ab8de2c2db31	2026-07-20 11:47:03.872+00	2026-07-20 11:52:22.872+00	2026-07-23 14:38:25.872+00	2026-07-23 14:38:25.872+00	INBOUND	319	+573275495317
bb2ca769-5dd8-4d92-a6f0-4a87992bd1c9	RESOLVED	c7f0304c-a88d-4738-b4b4-19a5c325ff14	95ae9ce4-a127-48bb-ae57-369586535bdb	2026-07-14 02:24:18.872+00	2026-07-14 02:29:11.872+00	2026-07-23 14:38:25.872+00	2026-07-23 14:38:25.872+00	OUTBOUND	293	+573244870121
9a2f7261-cc7c-4fd3-b0a2-362e141b46d0	RESOLVED	4f2035d2-53ac-470e-b040-86f37dc80b5c	5308e0b6-978b-4208-aca8-98d0b69f5248	2026-07-22 22:45:45.872+00	2026-07-22 22:51:10.872+00	2026-07-23 14:38:25.872+00	2026-07-23 14:38:25.872+00	INBOUND	325	+573109816224
9f879ba4-5055-44b3-8153-73e7574482a2	RESOLVED	6d2209aa-49e9-4472-bda5-7c8ff13eb923	e51ee013-4e37-43c2-a254-ab8de2c2db31	2026-07-17 12:59:35.872+00	2026-07-17 13:11:10.872+00	2026-07-23 14:38:25.872+00	2026-07-23 14:38:25.872+00	OUTBOUND	695	+573252027020
f6ca1f7f-9c57-4d39-81a7-f159d48a9479	RESOLVED	1fe6f281-15e1-4892-bf7b-6d3eeb03e238	e51ee013-4e37-43c2-a254-ab8de2c2db31	2026-07-12 07:35:35.872+00	2026-07-12 07:48:19.872+00	2026-07-23 14:38:25.872+00	2026-07-23 14:38:25.872+00	INBOUND	764	+573163373030
d785d3a3-b6ec-4bc1-9ed5-629ad8a4dcdb	RESOLVED	c7f0304c-a88d-4738-b4b4-19a5c325ff14	132f27dc-ce3d-4854-92eb-7a85169a807c	2026-07-15 04:48:11.872+00	2026-07-15 04:50:33.872+00	2026-07-23 14:38:25.872+00	2026-07-23 14:38:25.872+00	OUTBOUND	142	+573086546483
fb922e9f-dc33-4344-9a03-e9c815d5ef7a	IN_PROGRESS	c7f0304c-a88d-4738-b4b4-19a5c325ff14	\N	2026-07-15 22:03:42.872+00	\N	2026-07-23 14:38:25.872+00	2026-07-23 14:38:25.872+00	OUTBOUND	798	+573114904277
d69ca6d2-2a50-44f0-8262-2866447ee877	RESOLVED	c7f0304c-a88d-4738-b4b4-19a5c325ff14	dc253524-cdd6-4e8f-89fc-a40a9b1dab72	2026-07-11 07:38:36.872+00	2026-07-11 07:52:53.872+00	2026-07-23 14:38:25.872+00	2026-07-23 14:38:25.872+00	INBOUND	857	+573039589078
354f563c-a0b9-4937-9d5f-5621537b42ad	RESOLVED	4f2035d2-53ac-470e-b040-86f37dc80b5c	5308e0b6-978b-4208-aca8-98d0b69f5248	2026-07-10 01:55:23.873+00	2026-07-10 01:56:35.873+00	2026-07-23 14:38:25.873+00	2026-07-23 14:38:25.873+00	INBOUND	72	+573003457669
4c117634-2c4e-4a0a-b473-235c6e9d364b	RESOLVED	1fe6f281-15e1-4892-bf7b-6d3eeb03e238	e51ee013-4e37-43c2-a254-ab8de2c2db31	2026-07-21 13:13:43.873+00	2026-07-21 13:16:45.873+00	2026-07-23 14:38:25.873+00	2026-07-23 14:38:25.873+00	OUTBOUND	182	+573062883676
2b067d9d-5f89-44e1-b7b9-595d7c245339	RESOLVED	6d2209aa-49e9-4472-bda5-7c8ff13eb923	132f27dc-ce3d-4854-92eb-7a85169a807c	2026-07-12 03:26:07.873+00	2026-07-12 03:39:03.873+00	2026-07-23 14:38:25.873+00	2026-07-23 14:38:25.873+00	OUTBOUND	776	+573097021677
9e87f0c2-2427-416f-836d-82225c7c78ca	RESOLVED	6d2209aa-49e9-4472-bda5-7c8ff13eb923	e51ee013-4e37-43c2-a254-ab8de2c2db31	2026-07-20 08:37:39.873+00	2026-07-20 08:47:51.873+00	2026-07-23 14:38:25.873+00	2026-07-23 14:38:25.873+00	OUTBOUND	612	+573127763087
d551a11f-9253-4140-9ab9-b13fa0bb6330	IN_PROGRESS	6d2209aa-49e9-4472-bda5-7c8ff13eb923	\N	2026-07-20 05:36:31.873+00	\N	2026-07-23 14:38:25.873+00	2026-07-23 14:38:25.873+00	INBOUND	440	+573242036628
35900e73-e5c3-42d0-9146-fb6f4a7b6c01	RESOLVED	c7f0304c-a88d-4738-b4b4-19a5c325ff14	e51ee013-4e37-43c2-a254-ab8de2c2db31	2026-07-13 06:34:36.873+00	2026-07-13 06:38:17.873+00	2026-07-23 14:38:25.873+00	2026-07-23 14:38:25.873+00	OUTBOUND	221	+573195338946
6d1c7186-5062-4537-9120-da66fae5e209	OPEN	c7f0304c-a88d-4738-b4b4-19a5c325ff14	\N	2026-07-18 20:12:26.873+00	\N	2026-07-23 14:38:25.873+00	2026-07-23 14:38:25.873+00	INBOUND	364	+573119116493
b6e812b1-1a22-407a-8c23-1f9d5323401f	RESOLVED	1fe6f281-15e1-4892-bf7b-6d3eeb03e238	e51ee013-4e37-43c2-a254-ab8de2c2db31	2026-07-09 22:37:27.873+00	2026-07-09 22:52:21.873+00	2026-07-23 14:38:25.873+00	2026-07-23 14:38:25.873+00	OUTBOUND	894	+573096662780
e0f9ca21-9aa4-4d87-ae29-284b0ea76b5a	IN_PROGRESS	c7f0304c-a88d-4738-b4b4-19a5c325ff14	\N	2026-07-10 13:17:14.873+00	\N	2026-07-23 14:38:25.873+00	2026-07-23 14:38:25.873+00	INBOUND	869	+573212753542
88daf357-fce8-4b90-b110-0d159a46384d	OPEN	1fe6f281-15e1-4892-bf7b-6d3eeb03e238	\N	2026-07-10 00:27:34.873+00	\N	2026-07-23 14:38:25.873+00	2026-07-23 14:38:25.873+00	OUTBOUND	246	+573056169926
7de6325d-d24a-4e6c-b662-5ddefc307f83	RESOLVED	c7f0304c-a88d-4738-b4b4-19a5c325ff14	132f27dc-ce3d-4854-92eb-7a85169a807c	2026-07-14 03:18:31.873+00	2026-07-14 03:24:30.873+00	2026-07-23 14:38:25.873+00	2026-07-23 14:38:25.873+00	INBOUND	359	+573127347408
d99d80b6-dc6f-4057-a3be-a26aed68943f	IN_PROGRESS	4f2035d2-53ac-470e-b040-86f37dc80b5c	\N	2026-07-13 01:53:16.873+00	\N	2026-07-23 14:38:25.873+00	2026-07-23 14:38:25.873+00	INBOUND	586	+573263632883
09c3f723-4c45-4e89-a0b1-f87cc9d95cfb	IN_PROGRESS	1fe6f281-15e1-4892-bf7b-6d3eeb03e238	\N	2026-07-18 13:46:58.873+00	\N	2026-07-23 14:38:25.873+00	2026-07-23 14:38:25.873+00	INBOUND	552	+573105179071
12668aba-5e6b-4f34-9bc2-2552764062e0	RESOLVED	4f2035d2-53ac-470e-b040-86f37dc80b5c	5308e0b6-978b-4208-aca8-98d0b69f5248	2026-07-22 05:13:42.873+00	2026-07-22 05:22:23.873+00	2026-07-23 14:38:25.873+00	2026-07-23 14:38:25.873+00	OUTBOUND	521	+573200069332
942e0986-e2cc-41fb-a433-c250251d6e2f	IN_PROGRESS	6d2209aa-49e9-4472-bda5-7c8ff13eb923	\N	2026-07-13 10:26:27.873+00	\N	2026-07-23 14:38:25.873+00	2026-07-23 14:38:25.873+00	INBOUND	896	+573108747175
b6a068d0-e8f1-4dec-9ac7-cf0d2071fd97	OPEN	6d2209aa-49e9-4472-bda5-7c8ff13eb923	\N	2026-07-15 23:29:51.873+00	\N	2026-07-23 14:38:25.873+00	2026-07-23 14:38:25.873+00	INBOUND	519	+573198258947
b8199cf3-b8ae-4570-905c-50ae68df1b73	RESOLVED	6d2209aa-49e9-4472-bda5-7c8ff13eb923	dc253524-cdd6-4e8f-89fc-a40a9b1dab72	2026-07-12 18:09:38.873+00	2026-07-12 18:12:47.873+00	2026-07-23 14:38:25.873+00	2026-07-23 14:38:25.873+00	OUTBOUND	189	+573290309573
def6a1cb-bfb3-4dea-abca-03a8ff625b97	RESOLVED	1fe6f281-15e1-4892-bf7b-6d3eeb03e238	95ae9ce4-a127-48bb-ae57-369586535bdb	2026-07-20 12:13:19.873+00	2026-07-20 12:18:09.873+00	2026-07-23 14:38:25.873+00	2026-07-23 14:38:25.873+00	INBOUND	290	+573099594122
f4d912b3-f2aa-4de4-bd0a-078d8ed913af	RESOLVED	6d2209aa-49e9-4472-bda5-7c8ff13eb923	e51ee013-4e37-43c2-a254-ab8de2c2db31	2026-07-20 02:38:33.873+00	2026-07-20 02:39:34.873+00	2026-07-23 14:38:25.873+00	2026-07-23 14:38:25.873+00	OUTBOUND	61	+573154539945
80371e68-56f5-4b32-b645-9a479b1f4348	RESOLVED	4f2035d2-53ac-470e-b040-86f37dc80b5c	e51ee013-4e37-43c2-a254-ab8de2c2db31	2026-07-22 15:36:12.873+00	2026-07-22 15:40:12.873+00	2026-07-23 14:38:25.873+00	2026-07-23 14:38:25.873+00	OUTBOUND	240	+573139022107
1e49734d-3fc4-4a9f-bb5c-55a003f4cf73	RESOLVED	1fe6f281-15e1-4892-bf7b-6d3eeb03e238	e51ee013-4e37-43c2-a254-ab8de2c2db31	2026-07-09 22:03:36.873+00	2026-07-09 22:04:59.873+00	2026-07-23 14:38:25.873+00	2026-07-23 14:38:25.873+00	INBOUND	83	+573092384390
c01e7db1-ecad-44a3-bdb4-df51d1e24c44	OPEN	4f2035d2-53ac-470e-b040-86f37dc80b5c	\N	2026-07-17 15:53:11.873+00	\N	2026-07-23 14:38:25.873+00	2026-07-23 14:38:25.873+00	OUTBOUND	734	+573286141212
b63e725f-6007-45e6-b597-b768c87c6eab	RESOLVED	1fe6f281-15e1-4892-bf7b-6d3eeb03e238	132f27dc-ce3d-4854-92eb-7a85169a807c	2026-07-17 01:31:09.873+00	2026-07-17 01:34:30.873+00	2026-07-23 14:38:25.873+00	2026-07-23 14:38:25.873+00	OUTBOUND	201	+573080375410
12be524d-2e97-403e-bc52-17d35b4a79dc	IN_PROGRESS	6d2209aa-49e9-4472-bda5-7c8ff13eb923	\N	2026-07-16 11:25:47.873+00	\N	2026-07-23 14:38:25.873+00	2026-07-23 14:38:25.873+00	OUTBOUND	379	+573035495409
b5acc89e-6ef3-4aae-9d73-9e19f8456d4f	RESOLVED	1fe6f281-15e1-4892-bf7b-6d3eeb03e238	5308e0b6-978b-4208-aca8-98d0b69f5248	2026-07-13 04:31:03.873+00	2026-07-13 04:38:24.873+00	2026-07-23 14:38:25.873+00	2026-07-23 14:38:25.873+00	OUTBOUND	441	+573059521630
c7b6cbe4-82c3-4840-91fd-bd3f6bcab7d3	IN_PROGRESS	4f2035d2-53ac-470e-b040-86f37dc80b5c	\N	2026-07-15 11:29:43.873+00	\N	2026-07-23 14:38:25.873+00	2026-07-23 14:38:25.873+00	OUTBOUND	454	+573094616055
29338860-ad95-4e17-ba6f-0419d4a9379c	RESOLVED	1fe6f281-15e1-4892-bf7b-6d3eeb03e238	dc253524-cdd6-4e8f-89fc-a40a9b1dab72	2026-07-14 17:40:38.873+00	2026-07-14 17:51:40.873+00	2026-07-23 14:38:25.873+00	2026-07-23 14:38:25.873+00	OUTBOUND	662	+573016541909
1793be1c-3fdf-479c-92a9-e3d9d213195f	RESOLVED	1fe6f281-15e1-4892-bf7b-6d3eeb03e238	e51ee013-4e37-43c2-a254-ab8de2c2db31	2026-07-15 03:44:51.873+00	2026-07-15 03:51:04.873+00	2026-07-23 14:38:25.873+00	2026-07-23 14:38:25.873+00	INBOUND	373	+573118774958
7dcc890e-cd5a-4519-8a85-9a53e28ec880	RESOLVED	6d2209aa-49e9-4472-bda5-7c8ff13eb923	dc253524-cdd6-4e8f-89fc-a40a9b1dab72	2026-07-20 05:35:35.873+00	2026-07-20 05:47:07.873+00	2026-07-23 14:38:25.873+00	2026-07-23 14:38:25.873+00	INBOUND	692	+573190661065
558f37db-48dd-4009-a270-f5a6b90e1d1e	RESOLVED	1fe6f281-15e1-4892-bf7b-6d3eeb03e238	e51ee013-4e37-43c2-a254-ab8de2c2db31	2026-07-20 08:45:53.873+00	2026-07-20 08:54:56.873+00	2026-07-23 14:38:25.873+00	2026-07-23 14:38:25.873+00	OUTBOUND	543	+573120613663
889f89c7-9574-4f39-a517-d82d109c0f4d	RESOLVED	c7f0304c-a88d-4738-b4b4-19a5c325ff14	95ae9ce4-a127-48bb-ae57-369586535bdb	2026-07-12 21:46:51.873+00	2026-07-12 22:00:44.873+00	2026-07-23 14:38:25.873+00	2026-07-23 14:38:25.873+00	OUTBOUND	833	+573008760074
5f3374ce-6c3e-43ba-9a81-79f29480a0f7	RESOLVED	1fe6f281-15e1-4892-bf7b-6d3eeb03e238	dc253524-cdd6-4e8f-89fc-a40a9b1dab72	2026-07-17 06:42:17.873+00	2026-07-17 06:57:07.873+00	2026-07-23 14:38:25.873+00	2026-07-23 14:38:25.873+00	OUTBOUND	890	+573233354530
cc20111b-472c-4063-a0d7-ab20fe21d877	RESOLVED	c7f0304c-a88d-4738-b4b4-19a5c325ff14	95ae9ce4-a127-48bb-ae57-369586535bdb	2026-07-20 17:50:47.873+00	2026-07-20 17:58:51.873+00	2026-07-23 14:38:25.873+00	2026-07-23 14:38:25.873+00	OUTBOUND	484	+573110308639
19c6ef9f-29cf-462b-b414-fc75e3cef526	IN_PROGRESS	6d2209aa-49e9-4472-bda5-7c8ff13eb923	\N	2026-07-17 09:45:07.873+00	\N	2026-07-23 14:38:25.873+00	2026-07-23 14:38:25.873+00	INBOUND	36	+573140527237
ffa6a878-e5ab-447d-a9ca-4152c6bf1429	IN_PROGRESS	c7f0304c-a88d-4738-b4b4-19a5c325ff14	\N	2026-07-12 06:16:42.873+00	\N	2026-07-23 14:38:25.873+00	2026-07-23 14:38:25.873+00	INBOUND	134	+573025521133
738f457f-b86f-47b0-a333-ac1b2508988e	IN_PROGRESS	1fe6f281-15e1-4892-bf7b-6d3eeb03e238	\N	2026-07-21 23:26:19.873+00	\N	2026-07-23 14:38:25.873+00	2026-07-23 14:38:25.873+00	INBOUND	560	+573207551496
6019c8e3-b1d9-4431-bb29-39cbc1b76efa	RESOLVED	4f2035d2-53ac-470e-b040-86f37dc80b5c	132f27dc-ce3d-4854-92eb-7a85169a807c	2026-07-23 01:04:13.873+00	2026-07-23 01:08:23.873+00	2026-07-23 14:38:25.873+00	2026-07-23 14:38:25.873+00	OUTBOUND	250	+573286125436
2a7ed136-3ee0-4ac7-9096-ecae29dfdca1	RESOLVED	1fe6f281-15e1-4892-bf7b-6d3eeb03e238	dc253524-cdd6-4e8f-89fc-a40a9b1dab72	2026-07-19 19:04:57.873+00	2026-07-19 19:09:25.873+00	2026-07-23 14:38:25.873+00	2026-07-23 14:38:25.873+00	OUTBOUND	268	+573241770848
583b5c37-b7c6-47ac-ad41-81946a284a7d	RESOLVED	c7f0304c-a88d-4738-b4b4-19a5c325ff14	95ae9ce4-a127-48bb-ae57-369586535bdb	2026-07-23 07:49:02.873+00	2026-07-23 07:52:45.873+00	2026-07-23 14:38:25.873+00	2026-07-23 14:38:25.873+00	INBOUND	223	+573288123438
c3a4fff0-b803-4a67-a030-a8af2d0d219a	OPEN	1fe6f281-15e1-4892-bf7b-6d3eeb03e238	\N	2026-07-20 23:21:09.873+00	\N	2026-07-23 14:38:25.873+00	2026-07-23 14:38:25.873+00	OUTBOUND	649	+573180183063
8da93e24-1949-4cf1-a3c0-dacb807db62d	RESOLVED	c7f0304c-a88d-4738-b4b4-19a5c325ff14	5308e0b6-978b-4208-aca8-98d0b69f5248	2026-07-23 09:54:39.873+00	2026-07-23 10:08:11.873+00	2026-07-23 14:38:25.873+00	2026-07-23 14:38:25.873+00	INBOUND	812	+573019695955
e27f4b99-07cd-4bc8-897c-c09748492963	RESOLVED	1fe6f281-15e1-4892-bf7b-6d3eeb03e238	132f27dc-ce3d-4854-92eb-7a85169a807c	2026-07-23 08:41:53.873+00	2026-07-23 08:42:13.873+00	2026-07-23 14:38:25.873+00	2026-07-23 14:38:25.873+00	OUTBOUND	20	+573251469962
9e8fd00f-c76b-4833-bfc0-b66a62211100	RESOLVED	c7f0304c-a88d-4738-b4b4-19a5c325ff14	95ae9ce4-a127-48bb-ae57-369586535bdb	2026-07-19 11:49:32.873+00	2026-07-19 12:03:48.873+00	2026-07-23 14:38:25.873+00	2026-07-23 14:38:25.873+00	OUTBOUND	856	+573278938097
0d8b681e-3acc-458f-8330-44845c1e7c7c	RESOLVED	1fe6f281-15e1-4892-bf7b-6d3eeb03e238	132f27dc-ce3d-4854-92eb-7a85169a807c	2026-07-14 06:37:05.873+00	2026-07-14 06:40:39.873+00	2026-07-23 14:38:25.873+00	2026-07-23 14:38:25.873+00	INBOUND	214	+573265783097
d6c7efa8-dbdf-4ad6-bef6-c5db7038f91a	RESOLVED	6d2209aa-49e9-4472-bda5-7c8ff13eb923	95ae9ce4-a127-48bb-ae57-369586535bdb	2026-07-11 12:36:25.873+00	2026-07-11 12:43:40.873+00	2026-07-23 14:38:25.873+00	2026-07-23 14:38:25.873+00	OUTBOUND	435	+573067162571
5feae2a8-c6e0-45be-ab9b-cc35691c359c	RESOLVED	1fe6f281-15e1-4892-bf7b-6d3eeb03e238	e51ee013-4e37-43c2-a254-ab8de2c2db31	2026-07-15 01:26:23.874+00	2026-07-15 01:38:00.874+00	2026-07-23 14:38:25.874+00	2026-07-23 14:38:25.874+00	INBOUND	697	+573246182528
13f3d840-6fbb-4f90-994c-6ae33e5f8269	RESOLVED	1fe6f281-15e1-4892-bf7b-6d3eeb03e238	e51ee013-4e37-43c2-a254-ab8de2c2db31	2026-07-15 13:56:35.874+00	2026-07-15 14:02:47.874+00	2026-07-23 14:38:25.874+00	2026-07-23 14:38:25.874+00	OUTBOUND	372	+573211024035
1cebb3dd-9d3c-4a07-9b26-fc1836f6692f	RESOLVED	4f2035d2-53ac-470e-b040-86f37dc80b5c	95ae9ce4-a127-48bb-ae57-369586535bdb	2026-07-18 15:04:14.874+00	2026-07-18 15:11:43.874+00	2026-07-23 14:38:25.874+00	2026-07-23 14:38:25.874+00	INBOUND	449	+573009597095
0d0be06d-b336-4ecf-80f5-01f8546dc0e3	RESOLVED	6d2209aa-49e9-4472-bda5-7c8ff13eb923	132f27dc-ce3d-4854-92eb-7a85169a807c	2026-07-21 13:47:32.874+00	2026-07-21 13:49:47.874+00	2026-07-23 14:38:25.874+00	2026-07-23 14:38:25.874+00	INBOUND	135	+573164021755
83980aff-6b93-4efe-887b-44880ad5ca80	RESOLVED	4f2035d2-53ac-470e-b040-86f37dc80b5c	5308e0b6-978b-4208-aca8-98d0b69f5248	2026-07-12 00:03:52.874+00	2026-07-12 00:17:50.874+00	2026-07-23 14:38:25.874+00	2026-07-23 14:38:25.874+00	INBOUND	838	+573182940096
ec168b32-0144-4935-b810-006313bdcbe3	IN_PROGRESS	6d2209aa-49e9-4472-bda5-7c8ff13eb923	\N	2026-07-13 04:53:22.874+00	\N	2026-07-23 14:38:25.874+00	2026-07-23 14:38:25.874+00	OUTBOUND	153	+573250508883
6365f1d7-3834-4244-b77e-fbaa231bd7f9	RESOLVED	c7f0304c-a88d-4738-b4b4-19a5c325ff14	e51ee013-4e37-43c2-a254-ab8de2c2db31	2026-07-17 18:33:35.874+00	2026-07-17 18:43:47.874+00	2026-07-23 14:38:25.874+00	2026-07-23 14:38:25.874+00	OUTBOUND	612	+573094672823
37a0a1ac-ab90-49a4-a4d0-741621b281d9	RESOLVED	6d2209aa-49e9-4472-bda5-7c8ff13eb923	95ae9ce4-a127-48bb-ae57-369586535bdb	2026-07-11 22:40:46.874+00	2026-07-11 22:48:22.874+00	2026-07-23 14:38:25.874+00	2026-07-23 14:38:25.874+00	INBOUND	456	+573090921955
d8977d85-aaca-424b-a6e5-fcf65f38d424	RESOLVED	6d2209aa-49e9-4472-bda5-7c8ff13eb923	95ae9ce4-a127-48bb-ae57-369586535bdb	2026-07-23 08:32:38.874+00	2026-07-23 08:34:30.874+00	2026-07-23 14:38:25.874+00	2026-07-23 14:38:25.874+00	OUTBOUND	112	+573164275362
c85de918-4973-4fc5-8b61-52ec49f97609	IN_PROGRESS	c7f0304c-a88d-4738-b4b4-19a5c325ff14	\N	2026-07-13 09:43:23.874+00	\N	2026-07-23 14:38:25.874+00	2026-07-23 14:38:25.874+00	INBOUND	172	+573241735353
e9a9f0f5-ef41-4653-821f-56bb6ba8bf0d	RESOLVED	4f2035d2-53ac-470e-b040-86f37dc80b5c	5308e0b6-978b-4208-aca8-98d0b69f5248	2026-07-10 19:08:18.874+00	2026-07-10 19:13:01.874+00	2026-07-23 14:38:25.874+00	2026-07-23 14:38:25.874+00	INBOUND	283	+573040838294
d4d38795-685a-4442-aa7c-b26eabb2d04a	RESOLVED	6d2209aa-49e9-4472-bda5-7c8ff13eb923	dc253524-cdd6-4e8f-89fc-a40a9b1dab72	2026-07-18 15:33:38.874+00	2026-07-18 15:34:36.874+00	2026-07-23 14:38:25.874+00	2026-07-23 14:38:25.874+00	INBOUND	58	+573268497486
f57571f4-f6ff-4c1c-80f8-8319a77a2a11	OPEN	4f2035d2-53ac-470e-b040-86f37dc80b5c	\N	2026-07-17 22:37:24.874+00	\N	2026-07-23 14:38:25.874+00	2026-07-23 14:38:25.874+00	OUTBOUND	650	+573070554311
8ab58939-11cc-4f5b-8ccd-16f020c1f248	RESOLVED	c7f0304c-a88d-4738-b4b4-19a5c325ff14	132f27dc-ce3d-4854-92eb-7a85169a807c	2026-07-18 22:21:06.874+00	2026-07-18 22:29:11.874+00	2026-07-23 14:38:25.874+00	2026-07-23 14:38:25.874+00	INBOUND	485	+573130629714
29c62a55-e5aa-4a9d-9d8e-54baf18a5b81	RESOLVED	c7f0304c-a88d-4738-b4b4-19a5c325ff14	e51ee013-4e37-43c2-a254-ab8de2c2db31	2026-07-18 06:54:28.874+00	2026-07-18 06:57:28.874+00	2026-07-23 14:38:25.874+00	2026-07-23 14:38:25.874+00	INBOUND	180	+573120961399
78613884-1d25-4cf0-82b5-32a8f86e681c	RESOLVED	c7f0304c-a88d-4738-b4b4-19a5c325ff14	dc253524-cdd6-4e8f-89fc-a40a9b1dab72	2026-07-09 18:44:56.874+00	2026-07-09 18:48:46.874+00	2026-07-23 14:38:25.874+00	2026-07-23 14:38:25.874+00	INBOUND	230	+573142838918
6162371d-f8f2-4ad5-8603-d689b0dc6fe7	OPEN	4f2035d2-53ac-470e-b040-86f37dc80b5c	\N	2026-07-09 22:46:29.874+00	\N	2026-07-23 14:38:25.874+00	2026-07-23 14:38:25.874+00	OUTBOUND	796	+573270476795
138c4c66-4654-4709-9fe4-9cb8b378536c	RESOLVED	c7f0304c-a88d-4738-b4b4-19a5c325ff14	95ae9ce4-a127-48bb-ae57-369586535bdb	2026-07-23 03:48:05.874+00	2026-07-23 03:57:21.874+00	2026-07-23 14:38:25.874+00	2026-07-23 14:38:25.874+00	OUTBOUND	556	+573023706802
1c180e5b-83fd-49c0-9169-9b99ec31eec9	RESOLVED	c7f0304c-a88d-4738-b4b4-19a5c325ff14	95ae9ce4-a127-48bb-ae57-369586535bdb	2026-07-17 14:09:53.874+00	2026-07-17 14:15:17.874+00	2026-07-23 14:38:25.874+00	2026-07-23 14:38:25.874+00	INBOUND	324	+573148995022
68493743-17b6-4a97-8310-f1eb391e279e	RESOLVED	4f2035d2-53ac-470e-b040-86f37dc80b5c	dc253524-cdd6-4e8f-89fc-a40a9b1dab72	2026-07-12 21:39:49.874+00	2026-07-12 21:54:17.874+00	2026-07-23 14:38:25.874+00	2026-07-23 14:38:25.874+00	OUTBOUND	868	+573143065380
bf8ec301-b84f-4b04-a41f-250e209c12a9	RESOLVED	c7f0304c-a88d-4738-b4b4-19a5c325ff14	5308e0b6-978b-4208-aca8-98d0b69f5248	2026-07-12 00:53:01.874+00	2026-07-12 00:56:45.874+00	2026-07-23 14:38:25.874+00	2026-07-23 14:38:25.874+00	OUTBOUND	224	+573001870981
3863ed44-20ba-4168-9cdf-fc45df9cd3c7	RESOLVED	c7f0304c-a88d-4738-b4b4-19a5c325ff14	dc253524-cdd6-4e8f-89fc-a40a9b1dab72	2026-07-22 08:51:21.874+00	2026-07-22 09:02:05.874+00	2026-07-23 14:38:25.874+00	2026-07-23 14:38:25.874+00	INBOUND	644	+573229380052
54507a08-82ee-48f1-a2e4-7f2bf3d77f6b	RESOLVED	1fe6f281-15e1-4892-bf7b-6d3eeb03e238	e51ee013-4e37-43c2-a254-ab8de2c2db31	2026-07-12 14:24:55.874+00	2026-07-12 14:32:42.874+00	2026-07-23 14:38:25.874+00	2026-07-23 14:38:25.874+00	OUTBOUND	467	+573287647446
2aaba721-ddc9-4002-8c98-677d2e5638c4	IN_PROGRESS	4f2035d2-53ac-470e-b040-86f37dc80b5c	\N	2026-07-19 14:37:51.874+00	\N	2026-07-23 14:38:25.874+00	2026-07-23 14:38:25.874+00	OUTBOUND	669	+573139734432
e8ba5e8b-24dc-47bb-a544-60671fe1220e	IN_PROGRESS	4f2035d2-53ac-470e-b040-86f37dc80b5c	\N	2026-07-16 10:32:56.874+00	\N	2026-07-23 14:38:25.874+00	2026-07-23 14:38:25.874+00	INBOUND	429	+573207376275
5cb9082e-8d27-46a3-a3dc-96b1e6bab017	RESOLVED	1fe6f281-15e1-4892-bf7b-6d3eeb03e238	5308e0b6-978b-4208-aca8-98d0b69f5248	2026-07-19 20:11:42.874+00	2026-07-19 20:21:39.874+00	2026-07-23 14:38:25.874+00	2026-07-23 14:38:25.874+00	OUTBOUND	597	+573034132124
dcffe778-86d5-45d3-8d41-feabc170aba3	RESOLVED	c7f0304c-a88d-4738-b4b4-19a5c325ff14	dc253524-cdd6-4e8f-89fc-a40a9b1dab72	2026-07-23 04:20:29.874+00	2026-07-23 04:25:27.874+00	2026-07-23 14:38:25.874+00	2026-07-23 14:38:25.874+00	OUTBOUND	298	+573084044807
a5fda0b3-f649-49c5-b64d-0216c00d65ad	IN_PROGRESS	1fe6f281-15e1-4892-bf7b-6d3eeb03e238	\N	2026-07-15 22:14:45.874+00	\N	2026-07-23 14:38:25.874+00	2026-07-23 14:38:25.874+00	OUTBOUND	638	+573202362675
aee90179-fa7e-447c-8d6c-8493bd6cab47	RESOLVED	4f2035d2-53ac-470e-b040-86f37dc80b5c	95ae9ce4-a127-48bb-ae57-369586535bdb	2026-07-23 13:45:07.874+00	2026-07-23 13:54:51.874+00	2026-07-23 14:38:25.874+00	2026-07-23 14:38:25.874+00	INBOUND	584	+573079643161
9430675b-cf5d-45c8-9d26-b3412689a4ff	RESOLVED	1fe6f281-15e1-4892-bf7b-6d3eeb03e238	e51ee013-4e37-43c2-a254-ab8de2c2db31	2026-07-09 19:49:59.874+00	2026-07-09 20:04:12.874+00	2026-07-23 14:38:25.874+00	2026-07-23 14:38:25.874+00	INBOUND	853	+573083525767
b9872f9b-0aad-4c35-9452-8d3c8717fbd2	RESOLVED	4f2035d2-53ac-470e-b040-86f37dc80b5c	5308e0b6-978b-4208-aca8-98d0b69f5248	2026-07-13 18:10:38.874+00	2026-07-13 18:10:59.874+00	2026-07-23 14:38:25.874+00	2026-07-23 14:38:25.874+00	INBOUND	21	+573143832782
9eea06aa-bdad-4170-8dac-1bda28f510c1	RESOLVED	4f2035d2-53ac-470e-b040-86f37dc80b5c	132f27dc-ce3d-4854-92eb-7a85169a807c	2026-07-11 10:02:49.874+00	2026-07-11 10:13:32.874+00	2026-07-23 14:38:25.874+00	2026-07-23 14:38:25.874+00	OUTBOUND	643	+573057870837
91cca26f-9d13-4343-8fb4-cf8e01367808	RESOLVED	1fe6f281-15e1-4892-bf7b-6d3eeb03e238	5308e0b6-978b-4208-aca8-98d0b69f5248	2026-07-13 17:01:48.874+00	2026-07-13 17:10:00.874+00	2026-07-23 14:38:25.874+00	2026-07-23 14:38:25.874+00	OUTBOUND	492	+573050674915
a50653df-c823-4638-b013-de2edf90e1fd	RESOLVED	4f2035d2-53ac-470e-b040-86f37dc80b5c	e51ee013-4e37-43c2-a254-ab8de2c2db31	2026-07-20 22:18:16.874+00	2026-07-20 22:24:17.874+00	2026-07-23 14:38:25.874+00	2026-07-23 14:38:25.874+00	INBOUND	361	+573189811910
892e80e4-562a-48cc-a700-2d7d8613dcf9	RESOLVED	c7f0304c-a88d-4738-b4b4-19a5c325ff14	dc253524-cdd6-4e8f-89fc-a40a9b1dab72	2026-07-19 07:05:21.874+00	2026-07-19 07:19:21.874+00	2026-07-23 14:38:25.874+00	2026-07-23 14:38:25.874+00	OUTBOUND	840	+573166050873
acfb8ef0-d1f6-40c2-9bd7-4f4f0cb05344	RESOLVED	1fe6f281-15e1-4892-bf7b-6d3eeb03e238	132f27dc-ce3d-4854-92eb-7a85169a807c	2026-07-22 23:50:14.874+00	2026-07-23 00:01:26.874+00	2026-07-23 14:38:25.874+00	2026-07-23 14:38:25.874+00	OUTBOUND	672	+573123436270
898f4821-ff96-4501-8b98-a9bd71dac3d8	RESOLVED	1fe6f281-15e1-4892-bf7b-6d3eeb03e238	5308e0b6-978b-4208-aca8-98d0b69f5248	2026-07-15 12:42:34.874+00	2026-07-15 12:56:31.874+00	2026-07-23 14:38:25.874+00	2026-07-23 14:38:25.874+00	INBOUND	837	+573200218109
8a967383-42be-40f4-8cd9-2525362cbbe6	RESOLVED	4f2035d2-53ac-470e-b040-86f37dc80b5c	95ae9ce4-a127-48bb-ae57-369586535bdb	2026-07-12 20:46:19.874+00	2026-07-12 20:58:00.874+00	2026-07-23 14:38:25.874+00	2026-07-23 14:38:25.874+00	INBOUND	701	+573292795032
7b4b5273-060e-498c-9345-c14018c4bb77	RESOLVED	6d2209aa-49e9-4472-bda5-7c8ff13eb923	95ae9ce4-a127-48bb-ae57-369586535bdb	2026-07-11 20:47:16.874+00	2026-07-11 20:47:47.874+00	2026-07-23 14:38:25.874+00	2026-07-23 14:38:25.874+00	INBOUND	31	+573146537206
510edf77-174c-4591-8c0f-cea424d2a0fa	RESOLVED	4f2035d2-53ac-470e-b040-86f37dc80b5c	dc253524-cdd6-4e8f-89fc-a40a9b1dab72	2026-07-11 06:19:23.874+00	2026-07-11 06:30:49.874+00	2026-07-23 14:38:25.874+00	2026-07-23 14:38:25.874+00	OUTBOUND	686	+573270391957
8977adc6-9873-45e2-b438-2e544ffd2371	IN_PROGRESS	1fe6f281-15e1-4892-bf7b-6d3eeb03e238	\N	2026-07-10 06:04:44.874+00	\N	2026-07-23 14:38:25.874+00	2026-07-23 14:38:25.874+00	INBOUND	320	+573002401965
63d02bb6-79ee-4c6f-82a0-9b868cb2ecd1	RESOLVED	c7f0304c-a88d-4738-b4b4-19a5c325ff14	132f27dc-ce3d-4854-92eb-7a85169a807c	2026-07-21 00:04:20.874+00	2026-07-21 00:15:51.874+00	2026-07-23 14:38:25.874+00	2026-07-23 14:38:25.874+00	OUTBOUND	691	+573126678920
076da22d-9d0f-42fb-837d-4dffc1aa660f	RESOLVED	6d2209aa-49e9-4472-bda5-7c8ff13eb923	dc253524-cdd6-4e8f-89fc-a40a9b1dab72	2026-07-15 15:39:26.874+00	2026-07-15 15:53:49.874+00	2026-07-23 14:38:25.874+00	2026-07-23 14:38:25.874+00	OUTBOUND	863	+573239229028
b93d71c6-59af-4acc-ae6b-e6dfed9e930d	IN_PROGRESS	6d2209aa-49e9-4472-bda5-7c8ff13eb923	\N	2026-07-15 12:49:36.874+00	\N	2026-07-23 14:38:25.874+00	2026-07-23 14:38:25.874+00	OUTBOUND	810	+573112897746
060bbd67-9236-4dac-a6e3-cd361ab0232b	RESOLVED	4f2035d2-53ac-470e-b040-86f37dc80b5c	dc253524-cdd6-4e8f-89fc-a40a9b1dab72	2026-07-14 22:47:53.874+00	2026-07-14 22:49:44.874+00	2026-07-23 14:38:25.874+00	2026-07-23 14:38:25.874+00	INBOUND	111	+573193244246
8f1f9795-1d27-4a80-847e-42674677b8b7	RESOLVED	1fe6f281-15e1-4892-bf7b-6d3eeb03e238	dc253524-cdd6-4e8f-89fc-a40a9b1dab72	2026-07-16 12:03:37.875+00	2026-07-16 12:07:40.875+00	2026-07-23 14:38:25.875+00	2026-07-23 14:38:25.875+00	INBOUND	243	+573171422496
e5b65eac-9e49-4253-b967-402c5eb6fd06	IN_PROGRESS	c7f0304c-a88d-4738-b4b4-19a5c325ff14	\N	2026-07-16 01:25:23.875+00	\N	2026-07-23 14:38:25.875+00	2026-07-23 14:38:25.875+00	OUTBOUND	289	+573203395375
01cd7241-b052-4d22-a889-4c740e4a1fca	RESOLVED	1fe6f281-15e1-4892-bf7b-6d3eeb03e238	95ae9ce4-a127-48bb-ae57-369586535bdb	2026-07-12 19:50:06.875+00	2026-07-12 19:59:22.875+00	2026-07-23 14:38:25.875+00	2026-07-23 14:38:25.875+00	INBOUND	556	+573258906853
7adea299-9423-4628-9f19-f633cfbdcd6f	IN_PROGRESS	c7f0304c-a88d-4738-b4b4-19a5c325ff14	\N	2026-07-11 17:41:59.875+00	\N	2026-07-23 14:38:25.875+00	2026-07-23 14:38:25.875+00	OUTBOUND	520	+573025651188
9c15c0a0-cb71-4689-b968-e2640d672b2f	RESOLVED	6d2209aa-49e9-4472-bda5-7c8ff13eb923	95ae9ce4-a127-48bb-ae57-369586535bdb	2026-07-15 07:08:00.875+00	2026-07-15 07:12:07.875+00	2026-07-23 14:38:25.875+00	2026-07-23 14:38:25.875+00	INBOUND	247	+573059724438
adb48107-a840-4c28-b664-f4fa7a5e0fa6	RESOLVED	c7f0304c-a88d-4738-b4b4-19a5c325ff14	95ae9ce4-a127-48bb-ae57-369586535bdb	2026-07-18 00:40:44.875+00	2026-07-18 00:42:35.875+00	2026-07-23 14:38:25.875+00	2026-07-23 14:38:25.875+00	OUTBOUND	111	+573106666783
31820bc2-6088-4c21-84ff-074b219f694f	RESOLVED	1fe6f281-15e1-4892-bf7b-6d3eeb03e238	e51ee013-4e37-43c2-a254-ab8de2c2db31	2026-07-16 16:26:27.875+00	2026-07-16 16:29:02.875+00	2026-07-23 14:38:25.875+00	2026-07-23 14:38:25.875+00	OUTBOUND	155	+573101586241
85d9c1eb-b447-4472-a8c2-868e5e51ba15	IN_PROGRESS	4f2035d2-53ac-470e-b040-86f37dc80b5c	\N	2026-07-14 09:37:37.875+00	\N	2026-07-23 14:38:25.875+00	2026-07-23 14:38:25.875+00	OUTBOUND	260	+573164248082
f1121c57-427c-44d2-8bc4-7491090c4f37	RESOLVED	c7f0304c-a88d-4738-b4b4-19a5c325ff14	dc253524-cdd6-4e8f-89fc-a40a9b1dab72	2026-07-18 09:13:57.875+00	2026-07-18 09:19:23.875+00	2026-07-23 14:38:25.875+00	2026-07-23 14:38:25.875+00	OUTBOUND	326	+573175936945
f52ee08a-970d-4fb1-98a4-d5f602406503	IN_PROGRESS	4f2035d2-53ac-470e-b040-86f37dc80b5c	\N	2026-07-09 20:58:05.875+00	\N	2026-07-23 14:38:25.875+00	2026-07-23 14:38:25.875+00	OUTBOUND	457	+573188817478
250d2cb3-eff0-4786-9d1d-ed5c01cd2cef	IN_PROGRESS	4f2035d2-53ac-470e-b040-86f37dc80b5c	\N	2026-07-23 02:44:21.875+00	\N	2026-07-23 14:38:25.875+00	2026-07-23 14:38:25.875+00	INBOUND	149	+573168977910
e4fcf8c0-83dc-4315-8c2e-c7b55a217741	IN_PROGRESS	4f2035d2-53ac-470e-b040-86f37dc80b5c	\N	2026-07-15 00:47:41.875+00	\N	2026-07-23 14:38:25.875+00	2026-07-23 14:38:25.875+00	OUTBOUND	213	+573176003305
32d33cf8-f9a3-4cfa-a8f1-494b090b62ef	RESOLVED	6d2209aa-49e9-4472-bda5-7c8ff13eb923	95ae9ce4-a127-48bb-ae57-369586535bdb	2026-07-14 04:29:54.875+00	2026-07-14 04:43:55.875+00	2026-07-23 14:38:25.875+00	2026-07-23 14:38:25.875+00	INBOUND	841	+573002739118
95982814-5d98-4ae4-9378-ae79de44d0ee	OPEN	6d2209aa-49e9-4472-bda5-7c8ff13eb923	\N	2026-07-19 11:08:23.875+00	\N	2026-07-23 14:38:25.875+00	2026-07-23 14:38:25.875+00	INBOUND	273	+573214946996
a649d1ab-105e-47d0-bc37-549ef795bdb4	RESOLVED	c7f0304c-a88d-4738-b4b4-19a5c325ff14	5308e0b6-978b-4208-aca8-98d0b69f5248	2026-07-12 02:25:12.875+00	2026-07-12 02:34:21.875+00	2026-07-23 14:38:25.875+00	2026-07-23 14:38:25.875+00	OUTBOUND	549	+573166608868
e9dec8cc-8181-4cb8-a9cf-6e87218c6d56	OPEN	1fe6f281-15e1-4892-bf7b-6d3eeb03e238	\N	2026-07-13 04:08:48.875+00	\N	2026-07-23 14:38:25.875+00	2026-07-23 14:38:25.875+00	OUTBOUND	524	+573076248671
6ad7c312-a5df-4644-b9cd-81baba95ec64	RESOLVED	1fe6f281-15e1-4892-bf7b-6d3eeb03e238	95ae9ce4-a127-48bb-ae57-369586535bdb	2026-07-21 07:59:15.875+00	2026-07-21 08:02:57.875+00	2026-07-23 14:38:25.875+00	2026-07-23 14:38:25.875+00	OUTBOUND	222	+573093443874
8adcf65c-1f7d-45d2-9d1f-21f1d0d45ccc	IN_PROGRESS	1fe6f281-15e1-4892-bf7b-6d3eeb03e238	\N	2026-07-21 14:56:39.875+00	\N	2026-07-23 14:38:25.875+00	2026-07-23 14:38:25.875+00	OUTBOUND	452	+573030296093
f42831fd-6571-4cf7-a258-e18f1f5154a3	RESOLVED	4f2035d2-53ac-470e-b040-86f37dc80b5c	e51ee013-4e37-43c2-a254-ab8de2c2db31	2026-07-14 19:19:15.875+00	2026-07-14 19:25:38.875+00	2026-07-23 14:38:25.875+00	2026-07-23 14:38:25.875+00	INBOUND	383	+573264347611
8e0b257e-9bb4-48ca-8b3b-e82b1d2c801e	IN_PROGRESS	4f2035d2-53ac-470e-b040-86f37dc80b5c	\N	2026-07-15 07:21:38.875+00	\N	2026-07-23 14:38:25.875+00	2026-07-23 14:38:25.875+00	OUTBOUND	874	+573152678467
cb4b25b4-e29e-43cc-a623-42b059f4fb28	OPEN	6d2209aa-49e9-4472-bda5-7c8ff13eb923	\N	2026-07-21 13:48:10.875+00	\N	2026-07-23 14:38:25.875+00	2026-07-23 14:38:25.875+00	OUTBOUND	64	+573252693456
9640e519-9f54-48fe-9409-b83c945a71e0	RESOLVED	c7f0304c-a88d-4738-b4b4-19a5c325ff14	e51ee013-4e37-43c2-a254-ab8de2c2db31	2026-07-23 00:07:15.875+00	2026-07-23 00:10:52.875+00	2026-07-23 14:38:25.875+00	2026-07-23 14:38:25.875+00	INBOUND	217	+573156097675
d2dad76f-6d84-4d6f-a94c-890d8deee526	IN_PROGRESS	6d2209aa-49e9-4472-bda5-7c8ff13eb923	\N	2026-07-18 01:26:03.875+00	\N	2026-07-23 14:38:25.875+00	2026-07-23 14:38:25.875+00	INBOUND	177	+573299405176
96e360d1-ff6a-4a95-a1e2-e25ef9a1000d	OPEN	6d2209aa-49e9-4472-bda5-7c8ff13eb923	\N	2026-07-18 07:02:38.875+00	\N	2026-07-23 14:38:25.875+00	2026-07-23 14:38:25.875+00	OUTBOUND	90	+573145868815
1a5c15e4-1ac1-4b0d-9460-fa2ddb98e4f0	RESOLVED	c7f0304c-a88d-4738-b4b4-19a5c325ff14	95ae9ce4-a127-48bb-ae57-369586535bdb	2026-07-17 22:06:23.875+00	2026-07-17 22:20:29.875+00	2026-07-23 14:38:25.875+00	2026-07-23 14:38:25.875+00	INBOUND	846	+573040506324
dc4ebe58-767e-4624-84be-dbe35ddea220	RESOLVED	1fe6f281-15e1-4892-bf7b-6d3eeb03e238	5308e0b6-978b-4208-aca8-98d0b69f5248	2026-07-12 15:53:46.875+00	2026-07-12 16:05:43.875+00	2026-07-23 14:38:25.875+00	2026-07-23 14:38:25.875+00	INBOUND	717	+573101975722
e245bb3b-eea2-4927-a70c-07dbd6e7c70c	RESOLVED	1fe6f281-15e1-4892-bf7b-6d3eeb03e238	dc253524-cdd6-4e8f-89fc-a40a9b1dab72	2026-07-12 08:07:04.875+00	2026-07-12 08:13:30.875+00	2026-07-23 14:38:25.875+00	2026-07-23 14:38:25.875+00	OUTBOUND	386	+573240692135
64b63f15-c727-4a6e-8da3-8d862f2397a7	RESOLVED	c7f0304c-a88d-4738-b4b4-19a5c325ff14	5308e0b6-978b-4208-aca8-98d0b69f5248	2026-07-18 07:41:41.875+00	2026-07-18 07:50:09.875+00	2026-07-23 14:38:25.875+00	2026-07-23 14:38:25.875+00	OUTBOUND	508	+573254686243
9957e7c0-e318-49c9-bfd8-84017c75a9da	RESOLVED	c7f0304c-a88d-4738-b4b4-19a5c325ff14	132f27dc-ce3d-4854-92eb-7a85169a807c	2026-07-16 14:34:33.875+00	2026-07-16 14:41:50.875+00	2026-07-23 14:38:25.875+00	2026-07-23 14:38:25.875+00	OUTBOUND	437	+573139453881
4d1525f1-4950-4ee8-b579-989688f9a3ef	RESOLVED	1fe6f281-15e1-4892-bf7b-6d3eeb03e238	95ae9ce4-a127-48bb-ae57-369586535bdb	2026-07-14 04:49:48.875+00	2026-07-14 04:50:12.875+00	2026-07-23 14:38:25.875+00	2026-07-23 14:38:25.875+00	INBOUND	24	+573264789759
925c0674-60ed-4feb-b43a-f62f80f0ef52	RESOLVED	1fe6f281-15e1-4892-bf7b-6d3eeb03e238	5308e0b6-978b-4208-aca8-98d0b69f5248	2026-07-15 04:17:55.875+00	2026-07-15 04:21:34.875+00	2026-07-23 14:38:25.875+00	2026-07-23 14:38:25.875+00	INBOUND	219	+573171521981
e55922aa-d949-4182-ade5-a7f26a75da78	RESOLVED	4f2035d2-53ac-470e-b040-86f37dc80b5c	5308e0b6-978b-4208-aca8-98d0b69f5248	2026-07-14 02:42:43.875+00	2026-07-14 02:53:16.875+00	2026-07-23 14:38:25.875+00	2026-07-23 14:38:25.875+00	OUTBOUND	633	+573294525543
51cfe3cb-60ed-46cf-8e00-9723d5f1b519	RESOLVED	6d2209aa-49e9-4472-bda5-7c8ff13eb923	5308e0b6-978b-4208-aca8-98d0b69f5248	2026-07-20 10:29:49.875+00	2026-07-20 10:34:42.875+00	2026-07-23 14:38:25.875+00	2026-07-23 14:38:25.875+00	OUTBOUND	293	+573161545550
81ec5036-c334-4994-9eaf-8acccffff8ce	IN_PROGRESS	c7f0304c-a88d-4738-b4b4-19a5c325ff14	\N	2026-07-14 08:50:20.875+00	\N	2026-07-23 14:38:25.875+00	2026-07-23 14:38:25.875+00	OUTBOUND	717	+573189332117
50000433-d8cd-4455-b4bc-0ca05967fd70	IN_PROGRESS	4f2035d2-53ac-470e-b040-86f37dc80b5c	\N	2026-07-22 12:47:53.875+00	\N	2026-07-23 14:38:25.875+00	2026-07-23 14:38:25.875+00	INBOUND	134	+573002196675
edfa5099-e4f2-4efc-bd4a-466ff0dbbabc	IN_PROGRESS	4f2035d2-53ac-470e-b040-86f37dc80b5c	\N	2026-07-20 13:25:42.875+00	\N	2026-07-23 14:38:25.875+00	2026-07-23 14:38:25.875+00	OUTBOUND	844	+573196059367
e4ff725b-cda4-44b9-a57a-0945699f078a	RESOLVED	6d2209aa-49e9-4472-bda5-7c8ff13eb923	5308e0b6-978b-4208-aca8-98d0b69f5248	2026-07-09 14:57:49.875+00	2026-07-09 15:09:54.875+00	2026-07-23 14:38:25.875+00	2026-07-23 14:38:25.875+00	OUTBOUND	725	+573126170528
8b04816d-1fcc-46b9-a679-b3032cff0cef	RESOLVED	6d2209aa-49e9-4472-bda5-7c8ff13eb923	dc253524-cdd6-4e8f-89fc-a40a9b1dab72	2026-07-19 20:51:58.875+00	2026-07-19 20:56:58.875+00	2026-07-23 14:38:25.875+00	2026-07-23 14:38:25.875+00	OUTBOUND	300	+573285826037
e1b060e0-701b-47c8-b872-8ec27fd3f82c	RESOLVED	6d2209aa-49e9-4472-bda5-7c8ff13eb923	95ae9ce4-a127-48bb-ae57-369586535bdb	2026-07-22 04:49:42.875+00	2026-07-22 05:02:18.875+00	2026-07-23 14:38:25.875+00	2026-07-23 14:38:25.875+00	OUTBOUND	756	+573289415970
7442d12c-1cc7-41d3-b391-4370636eac04	OPEN	1fe6f281-15e1-4892-bf7b-6d3eeb03e238	\N	2026-07-12 10:28:09.875+00	\N	2026-07-23 14:38:25.875+00	2026-07-23 14:38:25.875+00	INBOUND	55	+573077833695
dca3f356-2cb1-469c-9b3b-d67e75ff7a2d	RESOLVED	6d2209aa-49e9-4472-bda5-7c8ff13eb923	dc253524-cdd6-4e8f-89fc-a40a9b1dab72	2026-07-17 22:21:17.875+00	2026-07-17 22:27:39.875+00	2026-07-23 14:38:25.875+00	2026-07-23 14:38:25.875+00	INBOUND	382	+573222363945
2557e8c9-55af-4795-a592-43cf285b29b6	IN_PROGRESS	6d2209aa-49e9-4472-bda5-7c8ff13eb923	\N	2026-07-14 14:58:34.876+00	\N	2026-07-23 14:38:25.876+00	2026-07-23 14:38:25.876+00	INBOUND	242	+573230015120
1a11558e-8eae-4449-b920-223d1ebc8e0a	RESOLVED	6d2209aa-49e9-4472-bda5-7c8ff13eb923	132f27dc-ce3d-4854-92eb-7a85169a807c	2026-07-20 13:03:14.876+00	2026-07-20 13:16:08.876+00	2026-07-23 14:38:25.876+00	2026-07-23 14:38:25.876+00	OUTBOUND	774	+573018170915
7c161cac-b5bb-4b31-93d5-4788738edf26	IN_PROGRESS	4f2035d2-53ac-470e-b040-86f37dc80b5c	\N	2026-07-17 09:48:11.876+00	\N	2026-07-23 14:38:25.876+00	2026-07-23 14:38:25.876+00	OUTBOUND	283	+573044268627
d49c0e55-2a9c-4515-bc6d-f21cf4060c20	RESOLVED	6d2209aa-49e9-4472-bda5-7c8ff13eb923	5308e0b6-978b-4208-aca8-98d0b69f5248	2026-07-20 06:53:25.876+00	2026-07-20 07:04:45.876+00	2026-07-23 14:38:25.876+00	2026-07-23 14:38:25.876+00	INBOUND	680	+573229321601
74958216-3b1a-48c5-a282-1ee11200f7aa	RESOLVED	4f2035d2-53ac-470e-b040-86f37dc80b5c	5308e0b6-978b-4208-aca8-98d0b69f5248	2026-07-10 23:57:13.876+00	2026-07-11 00:11:06.876+00	2026-07-23 14:38:25.876+00	2026-07-23 14:38:25.876+00	OUTBOUND	833	+573193655351
8cb956b5-10eb-4e4d-9c12-88ad002fe25e	RESOLVED	1fe6f281-15e1-4892-bf7b-6d3eeb03e238	5308e0b6-978b-4208-aca8-98d0b69f5248	2026-07-12 07:49:29.876+00	2026-07-12 07:53:22.876+00	2026-07-23 14:38:25.876+00	2026-07-23 14:38:25.876+00	OUTBOUND	233	+573103028633
42b1ba36-22f4-4730-8ff1-26c6d9d66d47	IN_PROGRESS	4f2035d2-53ac-470e-b040-86f37dc80b5c	\N	2026-07-13 18:44:37.876+00	\N	2026-07-23 14:38:25.876+00	2026-07-23 14:38:25.876+00	INBOUND	825	+573142566669
92753867-fd8d-4399-a4ed-25519beda35f	RESOLVED	4f2035d2-53ac-470e-b040-86f37dc80b5c	dc253524-cdd6-4e8f-89fc-a40a9b1dab72	2026-07-10 04:01:34.876+00	2026-07-10 04:08:22.876+00	2026-07-23 14:38:25.876+00	2026-07-23 14:38:25.876+00	OUTBOUND	408	+573011394770
0bbb256c-de00-41df-9235-5c1429f5fdc8	IN_PROGRESS	4f2035d2-53ac-470e-b040-86f37dc80b5c	\N	2026-07-18 18:18:59.876+00	\N	2026-07-23 14:38:25.876+00	2026-07-23 14:38:25.876+00	OUTBOUND	778	+573145501214
75c706d3-d3c4-46d7-a5ee-dd7fd200f0c0	IN_PROGRESS	c7f0304c-a88d-4738-b4b4-19a5c325ff14	\N	2026-07-17 16:22:03.876+00	\N	2026-07-23 14:38:25.876+00	2026-07-23 14:38:25.876+00	INBOUND	483	+573198819153
0bbd39f8-58fc-47a8-9178-6679f70976e6	OPEN	6d2209aa-49e9-4472-bda5-7c8ff13eb923	\N	2026-07-20 16:27:14.876+00	\N	2026-07-23 14:38:25.876+00	2026-07-23 14:38:25.876+00	OUTBOUND	191	+573284991090
a54e86c5-ce36-4eb6-9fc6-da3b9815deb5	RESOLVED	c7f0304c-a88d-4738-b4b4-19a5c325ff14	132f27dc-ce3d-4854-92eb-7a85169a807c	2026-07-23 04:20:03.876+00	2026-07-23 04:32:49.876+00	2026-07-23 14:38:25.876+00	2026-07-23 14:38:25.876+00	INBOUND	766	+573249747970
111cf0db-f2cf-4c18-aa83-ed15c89eb938	RESOLVED	4f2035d2-53ac-470e-b040-86f37dc80b5c	dc253524-cdd6-4e8f-89fc-a40a9b1dab72	2026-07-15 02:43:05.876+00	2026-07-15 02:54:15.876+00	2026-07-23 14:38:25.876+00	2026-07-23 14:38:25.876+00	OUTBOUND	670	+573110481498
514ae2f6-2326-40a8-aeeb-719b2a3b109e	RESOLVED	6d2209aa-49e9-4472-bda5-7c8ff13eb923	5308e0b6-978b-4208-aca8-98d0b69f5248	2026-07-22 10:32:34.876+00	2026-07-22 10:45:33.876+00	2026-07-23 14:38:25.876+00	2026-07-23 14:38:25.876+00	OUTBOUND	779	+573056316934
0dba1811-aac3-4e0a-be9c-12028997cbab	RESOLVED	c7f0304c-a88d-4738-b4b4-19a5c325ff14	dc253524-cdd6-4e8f-89fc-a40a9b1dab72	2026-07-12 19:18:13.876+00	2026-07-12 19:23:19.876+00	2026-07-23 14:38:25.876+00	2026-07-23 14:38:25.876+00	INBOUND	306	+573139720010
f9cf5545-09cf-4971-8686-2ab2bea89aec	IN_PROGRESS	c7f0304c-a88d-4738-b4b4-19a5c325ff14	\N	2026-07-18 06:18:50.876+00	\N	2026-07-23 14:38:25.876+00	2026-07-23 14:38:25.876+00	OUTBOUND	581	+573165577180
8b2ca1ae-c64b-44b7-80d7-a8b1935d3ba7	RESOLVED	c7f0304c-a88d-4738-b4b4-19a5c325ff14	dc253524-cdd6-4e8f-89fc-a40a9b1dab72	2026-07-22 15:02:43.876+00	2026-07-22 15:07:10.876+00	2026-07-23 14:38:25.876+00	2026-07-23 14:38:25.876+00	INBOUND	267	+573036018200
f85a2020-3b0d-4231-8b39-cf0f9d906a49	RESOLVED	c7f0304c-a88d-4738-b4b4-19a5c325ff14	dc253524-cdd6-4e8f-89fc-a40a9b1dab72	2026-07-11 02:39:21.876+00	2026-07-11 02:48:19.876+00	2026-07-23 14:38:25.876+00	2026-07-23 14:38:25.876+00	OUTBOUND	538	+573035731892
c1417c49-5ca9-4240-8eaa-1e7b49cd2765	RESOLVED	6d2209aa-49e9-4472-bda5-7c8ff13eb923	e51ee013-4e37-43c2-a254-ab8de2c2db31	2026-07-17 16:03:03.876+00	2026-07-17 16:12:46.876+00	2026-07-23 14:38:25.876+00	2026-07-23 14:38:25.876+00	OUTBOUND	583	+573205993156
90fc4fed-d7df-4da3-a532-7751eee1f2ce	RESOLVED	4f2035d2-53ac-470e-b040-86f37dc80b5c	95ae9ce4-a127-48bb-ae57-369586535bdb	2026-07-19 12:52:41.876+00	2026-07-19 12:53:19.876+00	2026-07-23 14:38:25.876+00	2026-07-23 14:38:25.876+00	OUTBOUND	38	+573289272026
4c7100e6-2671-4cb6-ad4f-e2bea60e4661	RESOLVED	6d2209aa-49e9-4472-bda5-7c8ff13eb923	95ae9ce4-a127-48bb-ae57-369586535bdb	2026-07-13 20:53:26.876+00	2026-07-13 20:54:09.876+00	2026-07-23 14:38:25.876+00	2026-07-23 14:38:25.876+00	OUTBOUND	43	+573158069157
e63f710a-ec09-476c-8843-1f6d49085e2c	RESOLVED	4f2035d2-53ac-470e-b040-86f37dc80b5c	132f27dc-ce3d-4854-92eb-7a85169a807c	2026-07-17 23:26:59.876+00	2026-07-17 23:35:00.876+00	2026-07-23 14:38:25.876+00	2026-07-23 14:38:25.876+00	OUTBOUND	481	+573016091698
ef856c61-fc72-4428-a3ea-97e7ff91e9a3	RESOLVED	c7f0304c-a88d-4738-b4b4-19a5c325ff14	5308e0b6-978b-4208-aca8-98d0b69f5248	2026-07-21 08:32:48.876+00	2026-07-21 08:45:11.876+00	2026-07-23 14:38:25.876+00	2026-07-23 14:38:25.876+00	OUTBOUND	743	+573215254745
af67c7a6-7c24-4317-a9f2-035017017c14	RESOLVED	c7f0304c-a88d-4738-b4b4-19a5c325ff14	95ae9ce4-a127-48bb-ae57-369586535bdb	2026-07-14 16:26:04.876+00	2026-07-14 16:32:04.876+00	2026-07-23 14:38:25.876+00	2026-07-23 14:38:25.876+00	INBOUND	360	+573111439908
281113bb-2abb-4db9-af02-88a395f53d5b	RESOLVED	1fe6f281-15e1-4892-bf7b-6d3eeb03e238	5308e0b6-978b-4208-aca8-98d0b69f5248	2026-07-22 06:51:03.876+00	2026-07-22 06:57:08.876+00	2026-07-23 14:38:25.876+00	2026-07-23 14:38:25.876+00	OUTBOUND	365	+573109435852
838c52d6-1036-4125-a74a-edbe67f942b6	OPEN	4f2035d2-53ac-470e-b040-86f37dc80b5c	\N	2026-07-12 06:04:25.876+00	\N	2026-07-23 14:38:25.876+00	2026-07-23 14:38:25.876+00	INBOUND	658	+573061060317
e1297dad-9c62-412c-93c2-ba812a058625	RESOLVED	6d2209aa-49e9-4472-bda5-7c8ff13eb923	95ae9ce4-a127-48bb-ae57-369586535bdb	2026-07-17 21:18:39.877+00	2026-07-17 21:28:37.877+00	2026-07-23 14:38:25.877+00	2026-07-23 14:38:25.877+00	INBOUND	598	+573264098477
64159e63-7643-4bb5-bc24-200efdf95c8d	IN_PROGRESS	1fe6f281-15e1-4892-bf7b-6d3eeb03e238	\N	2026-07-12 12:13:32.877+00	\N	2026-07-23 14:38:25.877+00	2026-07-23 14:38:25.877+00	OUTBOUND	436	+573224739993
ecdda925-8d27-44a1-a3e8-75611c3f63f6	RESOLVED	1fe6f281-15e1-4892-bf7b-6d3eeb03e238	132f27dc-ce3d-4854-92eb-7a85169a807c	2026-07-15 16:27:36.877+00	2026-07-15 16:29:08.877+00	2026-07-23 14:38:25.877+00	2026-07-23 14:38:25.877+00	OUTBOUND	92	+573205863818
edf2e2d3-7215-4a43-a6e7-3ee9ced6c960	IN_PROGRESS	c7f0304c-a88d-4738-b4b4-19a5c325ff14	\N	2026-07-10 06:06:14.877+00	\N	2026-07-23 14:38:25.877+00	2026-07-23 14:38:25.877+00	OUTBOUND	577	+573224832077
a6c5555f-d49a-4b8f-ab69-28def4393cb8	RESOLVED	4f2035d2-53ac-470e-b040-86f37dc80b5c	5308e0b6-978b-4208-aca8-98d0b69f5248	2026-07-23 06:45:52.877+00	2026-07-23 06:59:25.877+00	2026-07-23 14:38:25.877+00	2026-07-23 14:38:25.877+00	INBOUND	813	+573028908401
73ca7a5b-1074-4cc9-b605-6b85169c572a	RESOLVED	c7f0304c-a88d-4738-b4b4-19a5c325ff14	dc253524-cdd6-4e8f-89fc-a40a9b1dab72	2026-07-10 05:28:44.877+00	2026-07-10 05:37:30.877+00	2026-07-23 14:38:25.877+00	2026-07-23 14:38:25.877+00	OUTBOUND	526	+573298781438
1c5b5231-25bd-43c2-a855-f66025824403	RESOLVED	6d2209aa-49e9-4472-bda5-7c8ff13eb923	dc253524-cdd6-4e8f-89fc-a40a9b1dab72	2026-07-15 19:55:04.877+00	2026-07-15 19:59:36.877+00	2026-07-23 14:38:25.877+00	2026-07-23 14:38:25.877+00	INBOUND	272	+573237477012
62cd2354-6a9d-4a0b-a4fa-583cae690308	IN_PROGRESS	1fe6f281-15e1-4892-bf7b-6d3eeb03e238	\N	2026-07-13 23:05:09.877+00	\N	2026-07-23 14:38:25.877+00	2026-07-23 14:38:25.877+00	OUTBOUND	265	+573289219934
e4d651af-4fb9-417b-9b03-6e011c180737	RESOLVED	6d2209aa-49e9-4472-bda5-7c8ff13eb923	5308e0b6-978b-4208-aca8-98d0b69f5248	2026-07-22 00:57:07.877+00	2026-07-22 01:03:46.877+00	2026-07-23 14:38:25.877+00	2026-07-23 14:38:25.877+00	OUTBOUND	399	+573234928796
a019dad7-9ffc-4171-974c-b102ddb0fec5	RESOLVED	6d2209aa-49e9-4472-bda5-7c8ff13eb923	dc253524-cdd6-4e8f-89fc-a40a9b1dab72	2026-07-23 05:33:16.877+00	2026-07-23 05:34:36.877+00	2026-07-23 14:38:25.877+00	2026-07-23 14:38:25.877+00	INBOUND	80	+573219672583
0965407e-e845-46b9-be77-1ee9b3e5bb79	IN_PROGRESS	4f2035d2-53ac-470e-b040-86f37dc80b5c	\N	2026-07-15 21:07:11.877+00	\N	2026-07-23 14:38:25.877+00	2026-07-23 14:38:25.877+00	INBOUND	281	+573125216793
7d14ad9e-667a-4048-a5b4-b2d69ed3c28c	RESOLVED	1fe6f281-15e1-4892-bf7b-6d3eeb03e238	e51ee013-4e37-43c2-a254-ab8de2c2db31	2026-07-12 07:53:15.877+00	2026-07-12 08:01:20.877+00	2026-07-23 14:38:25.877+00	2026-07-23 14:38:25.877+00	OUTBOUND	485	+573070827235
9a313d89-85dc-4347-99b4-c46cbb5f95b5	RESOLVED	c7f0304c-a88d-4738-b4b4-19a5c325ff14	95ae9ce4-a127-48bb-ae57-369586535bdb	2026-07-14 19:22:20.877+00	2026-07-14 19:25:13.877+00	2026-07-23 14:38:25.877+00	2026-07-23 14:38:25.877+00	OUTBOUND	173	+573227240029
9931b2c5-629a-48a8-8460-a0333edbb760	RESOLVED	1fe6f281-15e1-4892-bf7b-6d3eeb03e238	5308e0b6-978b-4208-aca8-98d0b69f5248	2026-07-20 21:53:34.877+00	2026-07-20 21:55:43.877+00	2026-07-23 14:38:25.877+00	2026-07-23 14:38:25.877+00	OUTBOUND	129	+573060924424
29ce77b5-a13e-41b0-9d50-633e09716d5d	RESOLVED	4f2035d2-53ac-470e-b040-86f37dc80b5c	e51ee013-4e37-43c2-a254-ab8de2c2db31	2026-07-20 21:41:11.877+00	2026-07-20 21:52:16.877+00	2026-07-23 14:38:25.877+00	2026-07-23 14:38:25.877+00	INBOUND	665	+573273706154
037accc9-f549-455b-9d76-e9746993cffc	RESOLVED	6d2209aa-49e9-4472-bda5-7c8ff13eb923	e51ee013-4e37-43c2-a254-ab8de2c2db31	2026-07-23 01:35:08.877+00	2026-07-23 01:38:40.877+00	2026-07-23 14:38:25.877+00	2026-07-23 14:38:25.877+00	OUTBOUND	212	+573173600630
6adca6ba-99a4-420a-b2fa-589c8afdc736	RESOLVED	6d2209aa-49e9-4472-bda5-7c8ff13eb923	95ae9ce4-a127-48bb-ae57-369586535bdb	2026-07-19 22:48:15.877+00	2026-07-19 22:57:43.877+00	2026-07-23 14:38:25.877+00	2026-07-23 14:38:25.877+00	INBOUND	568	+573219589011
15bec4e4-3faf-4411-ab90-e627d7d91be7	IN_PROGRESS	c7f0304c-a88d-4738-b4b4-19a5c325ff14	\N	2026-07-11 09:02:56.877+00	\N	2026-07-23 14:38:25.877+00	2026-07-23 14:38:25.877+00	INBOUND	378	+573265372832
394a3ccf-816c-485a-b6a5-b2e833d2cfca	RESOLVED	6d2209aa-49e9-4472-bda5-7c8ff13eb923	5308e0b6-978b-4208-aca8-98d0b69f5248	2026-07-13 13:25:06.877+00	2026-07-13 13:36:01.877+00	2026-07-23 14:38:25.877+00	2026-07-23 14:38:25.877+00	INBOUND	655	+573013634672
412c59ed-258c-4a76-9fb3-2fb152ddca76	IN_PROGRESS	6d2209aa-49e9-4472-bda5-7c8ff13eb923	\N	2026-07-11 19:40:53.877+00	\N	2026-07-23 14:38:25.877+00	2026-07-23 14:38:25.877+00	INBOUND	654	+573209367284
844a7c87-0b95-4516-add7-2b62bd3f6185	RESOLVED	6d2209aa-49e9-4472-bda5-7c8ff13eb923	e51ee013-4e37-43c2-a254-ab8de2c2db31	2026-07-11 07:42:54.877+00	2026-07-11 07:56:16.877+00	2026-07-23 14:38:25.877+00	2026-07-23 14:38:25.877+00	INBOUND	802	+573079490607
8c2869b4-7a81-4bd3-a24c-579afff1c481	RESOLVED	4f2035d2-53ac-470e-b040-86f37dc80b5c	dc253524-cdd6-4e8f-89fc-a40a9b1dab72	2026-07-13 02:10:37.877+00	2026-07-13 02:13:25.877+00	2026-07-23 14:38:25.877+00	2026-07-23 14:38:25.877+00	OUTBOUND	168	+573001472378
bccc238e-82a9-4d72-9bbc-41d83799b11e	RESOLVED	6d2209aa-49e9-4472-bda5-7c8ff13eb923	dc253524-cdd6-4e8f-89fc-a40a9b1dab72	2026-07-09 22:45:39.877+00	2026-07-09 22:58:21.877+00	2026-07-23 14:38:25.877+00	2026-07-23 14:38:25.877+00	OUTBOUND	762	+573294781724
5e135f96-c39d-46ce-a880-6b54a3737e6c	RESOLVED	6d2209aa-49e9-4472-bda5-7c8ff13eb923	dc253524-cdd6-4e8f-89fc-a40a9b1dab72	2026-07-16 02:22:03.877+00	2026-07-16 02:28:46.877+00	2026-07-23 14:38:25.877+00	2026-07-23 14:38:25.877+00	INBOUND	403	+573253479285
ad318b3a-6558-4fe3-be3d-8488b1c70109	RESOLVED	6d2209aa-49e9-4472-bda5-7c8ff13eb923	dc253524-cdd6-4e8f-89fc-a40a9b1dab72	2026-07-14 00:09:53.877+00	2026-07-14 00:14:27.877+00	2026-07-23 14:38:25.877+00	2026-07-23 14:38:25.877+00	INBOUND	274	+573232418175
fc4bbfc4-6a32-425f-88e4-72eb3d26ed3b	RESOLVED	6d2209aa-49e9-4472-bda5-7c8ff13eb923	132f27dc-ce3d-4854-92eb-7a85169a807c	2026-07-19 00:27:53.877+00	2026-07-19 00:31:25.877+00	2026-07-23 14:38:25.877+00	2026-07-23 14:38:25.877+00	OUTBOUND	212	+573035699155
454308b4-b868-4f13-b071-03b6cbff136e	IN_PROGRESS	4f2035d2-53ac-470e-b040-86f37dc80b5c	\N	2026-07-10 05:58:28.877+00	\N	2026-07-23 14:38:25.877+00	2026-07-23 14:38:25.877+00	OUTBOUND	863	+573009443191
b6c25a13-ab20-4fa9-a155-60aecd48dacc	OPEN	4f2035d2-53ac-470e-b040-86f37dc80b5c	\N	2026-07-20 13:45:04.877+00	\N	2026-07-23 14:38:25.877+00	2026-07-23 14:38:25.877+00	INBOUND	807	+573179831229
e7c10a18-9487-4b6c-aa85-fec9fe4e65ab	RESOLVED	4f2035d2-53ac-470e-b040-86f37dc80b5c	132f27dc-ce3d-4854-92eb-7a85169a807c	2026-07-14 10:21:12.877+00	2026-07-14 10:27:02.877+00	2026-07-23 14:38:25.877+00	2026-07-23 14:38:25.877+00	OUTBOUND	350	+573175008035
c8761e72-ad9a-4175-adf7-9a0485740c23	RESOLVED	c7f0304c-a88d-4738-b4b4-19a5c325ff14	e51ee013-4e37-43c2-a254-ab8de2c2db31	2026-07-13 03:58:01.878+00	2026-07-13 04:04:14.878+00	2026-07-23 14:38:25.878+00	2026-07-23 14:38:25.878+00	OUTBOUND	373	+573097427145
5959334a-2519-4fdd-b591-ede27484d5a6	RESOLVED	4f2035d2-53ac-470e-b040-86f37dc80b5c	132f27dc-ce3d-4854-92eb-7a85169a807c	2026-07-19 10:00:20.878+00	2026-07-19 10:06:40.878+00	2026-07-23 14:38:25.878+00	2026-07-23 14:38:25.878+00	INBOUND	380	+573095794144
38a0c7f5-7f38-4f15-8273-57de541f602e	RESOLVED	1fe6f281-15e1-4892-bf7b-6d3eeb03e238	dc253524-cdd6-4e8f-89fc-a40a9b1dab72	2026-07-10 04:40:22.878+00	2026-07-10 04:55:16.878+00	2026-07-23 14:38:25.878+00	2026-07-23 14:38:25.878+00	OUTBOUND	894	+573186621515
6da0f4c1-7fdc-4724-a397-cb1d88dde491	RESOLVED	4f2035d2-53ac-470e-b040-86f37dc80b5c	5308e0b6-978b-4208-aca8-98d0b69f5248	2026-07-15 00:57:10.878+00	2026-07-15 01:05:18.878+00	2026-07-23 14:38:25.878+00	2026-07-23 14:38:25.878+00	OUTBOUND	488	+573299458707
14acd63f-8efc-4588-9433-4eeb3ee78dfd	RESOLVED	c7f0304c-a88d-4738-b4b4-19a5c325ff14	95ae9ce4-a127-48bb-ae57-369586535bdb	2026-07-11 00:02:44.878+00	2026-07-11 00:15:32.878+00	2026-07-23 14:38:25.878+00	2026-07-23 14:38:25.878+00	INBOUND	768	+573051885934
03076955-64d4-45ee-a10a-7ba315ee5d43	IN_PROGRESS	4f2035d2-53ac-470e-b040-86f37dc80b5c	\N	2026-07-22 14:38:21.878+00	\N	2026-07-23 14:38:25.878+00	2026-07-23 14:38:25.878+00	INBOUND	549	+573269602805
f781a0d9-5ada-491a-9068-aceac7fcf050	RESOLVED	4f2035d2-53ac-470e-b040-86f37dc80b5c	dc253524-cdd6-4e8f-89fc-a40a9b1dab72	2026-07-10 06:11:16.878+00	2026-07-10 06:14:14.878+00	2026-07-23 14:38:25.878+00	2026-07-23 14:38:25.878+00	OUTBOUND	178	+573187995679
8b24557a-7ef7-4e17-bddf-a774d5587153	IN_PROGRESS	6d2209aa-49e9-4472-bda5-7c8ff13eb923	\N	2026-07-11 01:04:36.878+00	\N	2026-07-23 14:38:25.878+00	2026-07-23 14:38:25.878+00	INBOUND	391	+573098143567
017022c6-ed7f-4fd4-b774-9cf3b1b614a5	RESOLVED	1fe6f281-15e1-4892-bf7b-6d3eeb03e238	dc253524-cdd6-4e8f-89fc-a40a9b1dab72	2026-07-10 06:42:53.878+00	2026-07-10 06:56:22.878+00	2026-07-23 14:38:25.878+00	2026-07-23 14:38:25.878+00	INBOUND	809	+573182921474
6055449c-0d5e-40aa-ac6a-97f0b79cfa40	RESOLVED	c7f0304c-a88d-4738-b4b4-19a5c325ff14	5308e0b6-978b-4208-aca8-98d0b69f5248	2026-07-12 04:27:30.878+00	2026-07-12 04:30:54.878+00	2026-07-23 14:38:25.878+00	2026-07-23 14:38:25.878+00	OUTBOUND	204	+573096691168
9759bc76-923f-4c0b-9024-f061e8f87c51	OPEN	c7f0304c-a88d-4738-b4b4-19a5c325ff14	\N	2026-07-20 23:31:26.878+00	\N	2026-07-23 14:38:25.878+00	2026-07-23 14:38:25.878+00	OUTBOUND	486	+573204372150
8ed35b9b-44ac-4ab7-b24f-97fe1d972c46	RESOLVED	6d2209aa-49e9-4472-bda5-7c8ff13eb923	132f27dc-ce3d-4854-92eb-7a85169a807c	2026-07-14 01:42:56.878+00	2026-07-14 01:44:07.878+00	2026-07-23 14:38:25.878+00	2026-07-23 14:38:25.878+00	INBOUND	71	+573229840133
b58671a0-0b7e-44c9-955c-cf41630a45b6	OPEN	c7f0304c-a88d-4738-b4b4-19a5c325ff14	\N	2026-07-22 21:15:18.88+00	\N	2026-07-23 14:38:25.88+00	2026-07-23 14:38:25.88+00	INBOUND	337	+573277101702
8011cf7e-827b-4247-b93f-b99b1154dccd	RESOLVED	4f2035d2-53ac-470e-b040-86f37dc80b5c	5308e0b6-978b-4208-aca8-98d0b69f5248	2026-07-13 23:57:03.878+00	2026-07-14 00:05:35.878+00	2026-07-23 14:38:25.878+00	2026-07-23 14:38:25.878+00	INBOUND	512	+573005396826
03c0fa7d-16c9-459a-bcc0-922001756442	RESOLVED	4f2035d2-53ac-470e-b040-86f37dc80b5c	e51ee013-4e37-43c2-a254-ab8de2c2db31	2026-07-12 20:56:24.878+00	2026-07-12 21:11:04.878+00	2026-07-23 14:38:25.878+00	2026-07-23 14:38:25.878+00	OUTBOUND	880	+573090460212
db3c675d-f134-44b2-a28b-8abc53edecd5	RESOLVED	c7f0304c-a88d-4738-b4b4-19a5c325ff14	5308e0b6-978b-4208-aca8-98d0b69f5248	2026-07-18 06:37:15.878+00	2026-07-18 06:41:33.878+00	2026-07-23 14:38:25.878+00	2026-07-23 14:38:25.878+00	OUTBOUND	258	+573251113178
feb5643a-8eb6-445f-95ac-a50c8beeaf2c	RESOLVED	4f2035d2-53ac-470e-b040-86f37dc80b5c	95ae9ce4-a127-48bb-ae57-369586535bdb	2026-07-12 15:29:31.878+00	2026-07-12 15:36:06.878+00	2026-07-23 14:38:25.878+00	2026-07-23 14:38:25.878+00	OUTBOUND	395	+573173175803
3243c8ed-5e6d-4002-ba34-ac41c5c79f5e	IN_PROGRESS	6d2209aa-49e9-4472-bda5-7c8ff13eb923	\N	2026-07-20 09:09:30.878+00	\N	2026-07-23 14:38:25.878+00	2026-07-23 14:38:25.878+00	INBOUND	436	+573125171119
fc627d0e-dc10-4680-ad7c-c14ebaeced23	RESOLVED	c7f0304c-a88d-4738-b4b4-19a5c325ff14	dc253524-cdd6-4e8f-89fc-a40a9b1dab72	2026-07-12 07:20:12.878+00	2026-07-12 07:21:33.878+00	2026-07-23 14:38:25.878+00	2026-07-23 14:38:25.878+00	OUTBOUND	81	+573214533579
fb9b179b-3f95-44e6-b8e5-962ae3f79426	RESOLVED	1fe6f281-15e1-4892-bf7b-6d3eeb03e238	dc253524-cdd6-4e8f-89fc-a40a9b1dab72	2026-07-19 16:15:41.878+00	2026-07-19 16:19:15.878+00	2026-07-23 14:38:25.878+00	2026-07-23 14:38:25.878+00	OUTBOUND	214	+573121469211
710a0aa1-de78-4f5f-b41a-1b9329319bc6	RESOLVED	4f2035d2-53ac-470e-b040-86f37dc80b5c	5308e0b6-978b-4208-aca8-98d0b69f5248	2026-07-12 20:37:09.878+00	2026-07-12 20:48:24.878+00	2026-07-23 14:38:25.878+00	2026-07-23 14:38:25.878+00	INBOUND	675	+573250097856
bbe30e95-296d-467a-99d3-c8603ac68974	RESOLVED	4f2035d2-53ac-470e-b040-86f37dc80b5c	dc253524-cdd6-4e8f-89fc-a40a9b1dab72	2026-07-20 14:02:23.878+00	2026-07-20 14:13:55.878+00	2026-07-23 14:38:25.878+00	2026-07-23 14:38:25.878+00	INBOUND	692	+573111614025
d580a4bb-9a65-4ff2-9f94-adedda01d9ca	RESOLVED	1fe6f281-15e1-4892-bf7b-6d3eeb03e238	dc253524-cdd6-4e8f-89fc-a40a9b1dab72	2026-07-15 08:06:12.878+00	2026-07-15 08:15:31.878+00	2026-07-23 14:38:25.878+00	2026-07-23 14:38:25.878+00	INBOUND	559	+573296076548
86ccce1c-6585-4234-a8f9-82e6cbd52fbc	IN_PROGRESS	c7f0304c-a88d-4738-b4b4-19a5c325ff14	\N	2026-07-15 11:14:42.878+00	\N	2026-07-23 14:38:25.878+00	2026-07-23 14:38:25.878+00	OUTBOUND	480	+573130463402
42e1369e-7b20-420a-8263-a161ecba6393	RESOLVED	1fe6f281-15e1-4892-bf7b-6d3eeb03e238	5308e0b6-978b-4208-aca8-98d0b69f5248	2026-07-14 09:29:14.878+00	2026-07-14 09:36:06.878+00	2026-07-23 14:38:25.878+00	2026-07-23 14:38:25.878+00	OUTBOUND	412	+573150242142
7c82d444-000d-4e33-989d-3e596592c438	RESOLVED	1fe6f281-15e1-4892-bf7b-6d3eeb03e238	95ae9ce4-a127-48bb-ae57-369586535bdb	2026-07-11 18:26:32.878+00	2026-07-11 18:39:31.878+00	2026-07-23 14:38:25.878+00	2026-07-23 14:38:25.878+00	OUTBOUND	779	+573188669039
dd075201-77ea-4514-b511-197a2355b0f5	RESOLVED	6d2209aa-49e9-4472-bda5-7c8ff13eb923	95ae9ce4-a127-48bb-ae57-369586535bdb	2026-07-12 12:49:25.878+00	2026-07-12 12:55:14.878+00	2026-07-23 14:38:25.878+00	2026-07-23 14:38:25.878+00	INBOUND	349	+573102451810
5cd35116-82a0-46b9-afd3-1d3fac9fdb65	RESOLVED	c7f0304c-a88d-4738-b4b4-19a5c325ff14	132f27dc-ce3d-4854-92eb-7a85169a807c	2026-07-15 04:36:29.878+00	2026-07-15 04:45:41.878+00	2026-07-23 14:38:25.878+00	2026-07-23 14:38:25.878+00	INBOUND	552	+573234884053
d232c315-934a-4b65-9c44-b80bfc7aedf7	RESOLVED	c7f0304c-a88d-4738-b4b4-19a5c325ff14	e51ee013-4e37-43c2-a254-ab8de2c2db31	2026-07-15 22:21:17.878+00	2026-07-15 22:29:50.878+00	2026-07-23 14:38:25.878+00	2026-07-23 14:38:25.878+00	INBOUND	513	+573043328684
1b62c395-9b86-4a32-8f6c-0b4bb4889230	OPEN	4f2035d2-53ac-470e-b040-86f37dc80b5c	\N	2026-07-11 19:54:26.878+00	\N	2026-07-23 14:38:25.878+00	2026-07-23 14:38:25.878+00	INBOUND	826	+573254422787
051afde2-e248-4c04-838c-8453229aa393	RESOLVED	c7f0304c-a88d-4738-b4b4-19a5c325ff14	5308e0b6-978b-4208-aca8-98d0b69f5248	2026-07-17 21:10:57.878+00	2026-07-17 21:14:14.878+00	2026-07-23 14:38:25.878+00	2026-07-23 14:38:25.878+00	INBOUND	197	+573028677483
543901bb-1b0d-402d-813d-9de518377b5b	RESOLVED	4f2035d2-53ac-470e-b040-86f37dc80b5c	5308e0b6-978b-4208-aca8-98d0b69f5248	2026-07-12 15:02:22.878+00	2026-07-12 15:10:47.878+00	2026-07-23 14:38:25.878+00	2026-07-23 14:38:25.878+00	INBOUND	505	+573254552454
0af5f592-f44f-4e3c-9af8-1da07d242580	RESOLVED	1fe6f281-15e1-4892-bf7b-6d3eeb03e238	dc253524-cdd6-4e8f-89fc-a40a9b1dab72	2026-07-22 18:08:48.878+00	2026-07-22 18:21:02.878+00	2026-07-23 14:38:25.878+00	2026-07-23 14:38:25.878+00	OUTBOUND	734	+573187436555
75fd453a-d798-4937-8980-a6d818728aa1	RESOLVED	4f2035d2-53ac-470e-b040-86f37dc80b5c	dc253524-cdd6-4e8f-89fc-a40a9b1dab72	2026-07-11 01:55:25.878+00	2026-07-11 01:57:03.878+00	2026-07-23 14:38:25.878+00	2026-07-23 14:38:25.878+00	OUTBOUND	98	+573248864939
f34c3da3-85dd-461c-a4ce-1752f4fdc85f	RESOLVED	4f2035d2-53ac-470e-b040-86f37dc80b5c	e51ee013-4e37-43c2-a254-ab8de2c2db31	2026-07-21 20:55:40.879+00	2026-07-21 21:06:46.879+00	2026-07-23 14:38:25.879+00	2026-07-23 14:38:25.879+00	OUTBOUND	666	+573297712049
d528f553-2d87-4a84-8436-ddb3e9989cae	RESOLVED	c7f0304c-a88d-4738-b4b4-19a5c325ff14	95ae9ce4-a127-48bb-ae57-369586535bdb	2026-07-21 09:45:02.879+00	2026-07-21 09:52:35.879+00	2026-07-23 14:38:25.879+00	2026-07-23 14:38:25.879+00	INBOUND	453	+573185455313
5db004ce-3a68-4c51-825b-c86de4a9f31f	RESOLVED	4f2035d2-53ac-470e-b040-86f37dc80b5c	5308e0b6-978b-4208-aca8-98d0b69f5248	2026-07-10 05:04:55.879+00	2026-07-10 05:12:49.879+00	2026-07-23 14:38:25.879+00	2026-07-23 14:38:25.879+00	INBOUND	474	+573059222364
d022b2e2-b7ca-4afd-8b21-a0efcdbe3b0d	RESOLVED	c7f0304c-a88d-4738-b4b4-19a5c325ff14	132f27dc-ce3d-4854-92eb-7a85169a807c	2026-07-23 10:46:29.879+00	2026-07-23 10:51:57.879+00	2026-07-23 14:38:25.879+00	2026-07-23 14:38:25.879+00	INBOUND	328	+573083817872
53fdde69-968f-4fc5-89b0-8ba4dec34a79	RESOLVED	4f2035d2-53ac-470e-b040-86f37dc80b5c	e51ee013-4e37-43c2-a254-ab8de2c2db31	2026-07-21 12:54:31.879+00	2026-07-21 12:57:59.879+00	2026-07-23 14:38:25.879+00	2026-07-23 14:38:25.879+00	OUTBOUND	208	+573256676254
27294fec-76f8-4457-9443-388624dc00ab	RESOLVED	4f2035d2-53ac-470e-b040-86f37dc80b5c	e51ee013-4e37-43c2-a254-ab8de2c2db31	2026-07-18 18:26:35.879+00	2026-07-18 18:28:50.879+00	2026-07-23 14:38:25.879+00	2026-07-23 14:38:25.879+00	OUTBOUND	135	+573210109882
37f4c8a6-1f19-4692-904e-de92926f3b6e	RESOLVED	c7f0304c-a88d-4738-b4b4-19a5c325ff14	e51ee013-4e37-43c2-a254-ab8de2c2db31	2026-07-17 22:03:51.879+00	2026-07-17 22:15:56.879+00	2026-07-23 14:38:25.879+00	2026-07-23 14:38:25.879+00	INBOUND	725	+573083896589
8694dd65-ca25-4133-8115-f95970585374	RESOLVED	1fe6f281-15e1-4892-bf7b-6d3eeb03e238	5308e0b6-978b-4208-aca8-98d0b69f5248	2026-07-21 21:04:59.879+00	2026-07-21 21:09:41.879+00	2026-07-23 14:38:25.879+00	2026-07-23 14:38:25.879+00	INBOUND	282	+573250112993
eeb8f8c2-21c1-42fa-a32d-5bc5efde3f86	IN_PROGRESS	4f2035d2-53ac-470e-b040-86f37dc80b5c	\N	2026-07-21 02:50:39.879+00	\N	2026-07-23 14:38:25.879+00	2026-07-23 14:38:25.879+00	INBOUND	686	+573031950367
d7ec46af-bc03-418f-aeab-4a8382ac5bf3	IN_PROGRESS	6d2209aa-49e9-4472-bda5-7c8ff13eb923	\N	2026-07-10 23:07:32.879+00	\N	2026-07-23 14:38:25.879+00	2026-07-23 14:38:25.879+00	OUTBOUND	571	+573243231821
e1006a81-6eda-42d0-bebd-ad390d74327e	RESOLVED	c7f0304c-a88d-4738-b4b4-19a5c325ff14	dc253524-cdd6-4e8f-89fc-a40a9b1dab72	2026-07-22 06:45:04.879+00	2026-07-22 06:50:18.879+00	2026-07-23 14:38:25.879+00	2026-07-23 14:38:25.879+00	OUTBOUND	314	+573021698185
fdf9af11-c5a1-4768-ab08-d0513fdc2081	RESOLVED	1fe6f281-15e1-4892-bf7b-6d3eeb03e238	132f27dc-ce3d-4854-92eb-7a85169a807c	2026-07-22 11:00:18.879+00	2026-07-22 11:10:08.879+00	2026-07-23 14:38:25.879+00	2026-07-23 14:38:25.879+00	INBOUND	590	+573053134870
41589f41-9d82-45d3-85dd-286fb4bf7099	RESOLVED	4f2035d2-53ac-470e-b040-86f37dc80b5c	95ae9ce4-a127-48bb-ae57-369586535bdb	2026-07-20 13:12:03.879+00	2026-07-20 13:19:58.879+00	2026-07-23 14:38:25.879+00	2026-07-23 14:38:25.879+00	OUTBOUND	475	+573259340901
634d9360-13fe-4cea-a470-66af315ce8a8	RESOLVED	c7f0304c-a88d-4738-b4b4-19a5c325ff14	132f27dc-ce3d-4854-92eb-7a85169a807c	2026-07-15 12:07:13.879+00	2026-07-15 12:11:42.879+00	2026-07-23 14:38:25.879+00	2026-07-23 14:38:25.879+00	INBOUND	269	+573211737271
c6e96d5a-5fa4-4eda-b5c6-e7dace1de67a	IN_PROGRESS	4f2035d2-53ac-470e-b040-86f37dc80b5c	\N	2026-07-16 23:14:16.879+00	\N	2026-07-23 14:38:25.879+00	2026-07-23 14:38:25.879+00	INBOUND	757	+573265984893
0afdd16b-c566-4335-8a9a-3f1439e8a101	IN_PROGRESS	6d2209aa-49e9-4472-bda5-7c8ff13eb923	\N	2026-07-19 23:11:01.879+00	\N	2026-07-23 14:38:25.879+00	2026-07-23 14:38:25.879+00	INBOUND	608	+573015302474
ee8dc519-c673-4aaf-86e6-d7123ced87ed	RESOLVED	c7f0304c-a88d-4738-b4b4-19a5c325ff14	95ae9ce4-a127-48bb-ae57-369586535bdb	2026-07-15 20:57:15.879+00	2026-07-15 21:06:01.879+00	2026-07-23 14:38:25.879+00	2026-07-23 14:38:25.879+00	OUTBOUND	526	+573110681826
8b918146-4568-4ccd-9797-b86500d3cb42	RESOLVED	c7f0304c-a88d-4738-b4b4-19a5c325ff14	5308e0b6-978b-4208-aca8-98d0b69f5248	2026-07-23 04:53:28.879+00	2026-07-23 04:56:37.879+00	2026-07-23 14:38:25.879+00	2026-07-23 14:38:25.879+00	INBOUND	189	+573161173584
72b4e3fa-061a-481e-a67d-b40a5b11b89f	RESOLVED	6d2209aa-49e9-4472-bda5-7c8ff13eb923	5308e0b6-978b-4208-aca8-98d0b69f5248	2026-07-11 20:01:31.879+00	2026-07-11 20:02:37.879+00	2026-07-23 14:38:25.879+00	2026-07-23 14:38:25.879+00	OUTBOUND	66	+573149808123
ad67ac13-cce5-4955-9663-80223aa0c233	RESOLVED	c7f0304c-a88d-4738-b4b4-19a5c325ff14	dc253524-cdd6-4e8f-89fc-a40a9b1dab72	2026-07-22 07:33:10.879+00	2026-07-22 07:33:32.879+00	2026-07-23 14:38:25.879+00	2026-07-23 14:38:25.879+00	OUTBOUND	22	+573118241078
a9f5a21f-9d74-4cb4-8de7-a6b5669b4136	RESOLVED	1fe6f281-15e1-4892-bf7b-6d3eeb03e238	dc253524-cdd6-4e8f-89fc-a40a9b1dab72	2026-07-10 07:36:57.879+00	2026-07-10 07:37:40.879+00	2026-07-23 14:38:25.879+00	2026-07-23 14:38:25.879+00	OUTBOUND	43	+573001030521
e88c97f2-3f08-4fc5-9cb1-3bbf70a60ca3	OPEN	6d2209aa-49e9-4472-bda5-7c8ff13eb923	\N	2026-07-17 04:12:56.879+00	\N	2026-07-23 14:38:25.879+00	2026-07-23 14:38:25.879+00	OUTBOUND	190	+573192118560
3a0fbe4b-7621-4b5b-941d-83013d5c94f0	IN_PROGRESS	c7f0304c-a88d-4738-b4b4-19a5c325ff14	\N	2026-07-13 04:24:14.879+00	\N	2026-07-23 14:38:25.879+00	2026-07-23 14:38:25.879+00	INBOUND	496	+573170590710
2c72b164-4af6-4150-8ddd-c69eaa81b490	RESOLVED	c7f0304c-a88d-4738-b4b4-19a5c325ff14	95ae9ce4-a127-48bb-ae57-369586535bdb	2026-07-12 16:22:29.879+00	2026-07-12 16:30:41.879+00	2026-07-23 14:38:25.879+00	2026-07-23 14:38:25.879+00	OUTBOUND	492	+573236664910
57cfbaf6-6695-42c4-8299-70ce0d6cd6f5	IN_PROGRESS	6d2209aa-49e9-4472-bda5-7c8ff13eb923	\N	2026-07-09 21:35:23.879+00	\N	2026-07-23 14:38:25.879+00	2026-07-23 14:38:25.879+00	OUTBOUND	733	+573116150413
67374f65-3e78-491e-8932-8851895790a3	OPEN	6d2209aa-49e9-4472-bda5-7c8ff13eb923	\N	2026-07-15 07:31:22.879+00	\N	2026-07-23 14:38:25.879+00	2026-07-23 14:38:25.879+00	OUTBOUND	417	+573095428370
11903f68-9240-445c-bd09-74684ea596f6	RESOLVED	c7f0304c-a88d-4738-b4b4-19a5c325ff14	5308e0b6-978b-4208-aca8-98d0b69f5248	2026-07-17 12:00:24.879+00	2026-07-17 12:06:00.879+00	2026-07-23 14:38:25.879+00	2026-07-23 14:38:25.879+00	INBOUND	336	+573003686065
9be8b214-4a54-4d5c-aa80-aeee61c7f9e1	RESOLVED	1fe6f281-15e1-4892-bf7b-6d3eeb03e238	5308e0b6-978b-4208-aca8-98d0b69f5248	2026-07-14 15:58:12.879+00	2026-07-14 16:06:37.879+00	2026-07-23 14:38:25.879+00	2026-07-23 14:38:25.879+00	INBOUND	505	+573145904643
0c963b2a-0c81-44f2-92b4-192ec1bc667e	RESOLVED	6d2209aa-49e9-4472-bda5-7c8ff13eb923	132f27dc-ce3d-4854-92eb-7a85169a807c	2026-07-13 16:16:42.879+00	2026-07-13 16:19:28.879+00	2026-07-23 14:38:25.879+00	2026-07-23 14:38:25.879+00	INBOUND	166	+573275994657
d2f81577-ac70-43d4-b920-1474a5956faf	RESOLVED	c7f0304c-a88d-4738-b4b4-19a5c325ff14	132f27dc-ce3d-4854-92eb-7a85169a807c	2026-07-10 12:14:48.879+00	2026-07-10 12:15:52.879+00	2026-07-23 14:38:25.879+00	2026-07-23 14:38:25.879+00	OUTBOUND	64	+573167360570
cae7ed52-a57b-4512-a266-b41fb65caf4a	RESOLVED	6d2209aa-49e9-4472-bda5-7c8ff13eb923	5308e0b6-978b-4208-aca8-98d0b69f5248	2026-07-20 09:01:15.879+00	2026-07-20 09:09:15.879+00	2026-07-23 14:38:25.879+00	2026-07-23 14:38:25.879+00	INBOUND	480	+573091265854
da6b6983-0eb5-4424-966f-ecb579220819	RESOLVED	c7f0304c-a88d-4738-b4b4-19a5c325ff14	132f27dc-ce3d-4854-92eb-7a85169a807c	2026-07-16 18:01:56.88+00	2026-07-16 18:13:30.88+00	2026-07-23 14:38:25.88+00	2026-07-23 14:38:25.88+00	OUTBOUND	694	+573036475581
60ca25cf-2a10-48b7-993c-011822b76de7	RESOLVED	1fe6f281-15e1-4892-bf7b-6d3eeb03e238	e51ee013-4e37-43c2-a254-ab8de2c2db31	2026-07-23 11:00:47.88+00	2026-07-23 11:15:34.88+00	2026-07-23 14:38:25.88+00	2026-07-23 14:38:25.88+00	INBOUND	887	+573227955955
18d0d6de-a219-4ffa-a304-300f2353ee13	RESOLVED	6d2209aa-49e9-4472-bda5-7c8ff13eb923	dc253524-cdd6-4e8f-89fc-a40a9b1dab72	2026-07-11 11:19:17.88+00	2026-07-11 11:26:43.88+00	2026-07-23 14:38:25.88+00	2026-07-23 14:38:25.88+00	INBOUND	446	+573288173525
eef1b6a7-9e04-4625-afd6-242b45e1c208	RESOLVED	c7f0304c-a88d-4738-b4b4-19a5c325ff14	e51ee013-4e37-43c2-a254-ab8de2c2db31	2026-07-10 17:16:06.88+00	2026-07-10 17:20:07.88+00	2026-07-23 14:38:25.88+00	2026-07-23 14:38:25.88+00	OUTBOUND	241	+573016498069
0ea78d74-7092-450a-a3f1-4ea664f07ea9	RESOLVED	c7f0304c-a88d-4738-b4b4-19a5c325ff14	dc253524-cdd6-4e8f-89fc-a40a9b1dab72	2026-07-10 16:14:42.88+00	2026-07-10 16:20:24.88+00	2026-07-23 14:38:25.88+00	2026-07-23 14:38:25.88+00	OUTBOUND	342	+573244952047
2f71cf46-7ba1-4d46-b15e-b9664002b5ba	RESOLVED	6d2209aa-49e9-4472-bda5-7c8ff13eb923	dc253524-cdd6-4e8f-89fc-a40a9b1dab72	2026-07-10 14:04:40.88+00	2026-07-10 14:13:32.88+00	2026-07-23 14:38:25.88+00	2026-07-23 14:38:25.88+00	INBOUND	532	+573256190183
0b13af23-652e-4c27-9a23-a26d6acdcc42	RESOLVED	6d2209aa-49e9-4472-bda5-7c8ff13eb923	5308e0b6-978b-4208-aca8-98d0b69f5248	2026-07-18 18:37:31.88+00	2026-07-18 18:48:18.88+00	2026-07-23 14:38:25.88+00	2026-07-23 14:38:25.88+00	OUTBOUND	647	+573261322554
1b28a5fa-1cb7-4b74-a2d6-638a0fea7770	OPEN	1fe6f281-15e1-4892-bf7b-6d3eeb03e238	\N	2026-07-11 01:39:16.88+00	\N	2026-07-23 14:38:25.88+00	2026-07-23 14:38:25.88+00	OUTBOUND	763	+573212064016
fe7be6d4-4298-4d09-9fb8-133d280458c9	RESOLVED	c7f0304c-a88d-4738-b4b4-19a5c325ff14	132f27dc-ce3d-4854-92eb-7a85169a807c	2026-07-18 02:10:20.88+00	2026-07-18 02:17:28.88+00	2026-07-23 14:38:25.88+00	2026-07-23 14:38:25.88+00	INBOUND	428	+573012941176
7bb221e4-558b-4002-b645-18c835d12b34	RESOLVED	4f2035d2-53ac-470e-b040-86f37dc80b5c	132f27dc-ce3d-4854-92eb-7a85169a807c	2026-07-19 07:14:53.88+00	2026-07-19 07:18:37.88+00	2026-07-23 14:38:25.88+00	2026-07-23 14:38:25.88+00	INBOUND	224	+573235445510
12bd8158-69a3-49e0-bc53-7e9c66163a1e	OPEN	4f2035d2-53ac-470e-b040-86f37dc80b5c	\N	2026-07-16 01:43:41.88+00	\N	2026-07-23 14:38:25.88+00	2026-07-23 14:38:25.88+00	INBOUND	481	+573258906054
8577861b-ea80-45db-933a-35a7bab37ecc	RESOLVED	1fe6f281-15e1-4892-bf7b-6d3eeb03e238	e51ee013-4e37-43c2-a254-ab8de2c2db31	2026-07-16 03:23:57.88+00	2026-07-16 03:32:36.88+00	2026-07-23 14:38:25.88+00	2026-07-23 14:38:25.88+00	OUTBOUND	519	+573085639827
07f157a3-60e6-4660-9cdc-6516b587af35	RESOLVED	1fe6f281-15e1-4892-bf7b-6d3eeb03e238	132f27dc-ce3d-4854-92eb-7a85169a807c	2026-07-18 13:32:41.88+00	2026-07-18 13:33:11.88+00	2026-07-23 14:38:25.88+00	2026-07-23 14:38:25.88+00	OUTBOUND	30	+573065961789
344b4cec-fa83-4ca7-a400-8587904364b9	IN_PROGRESS	6d2209aa-49e9-4472-bda5-7c8ff13eb923	\N	2026-07-12 06:00:44.88+00	\N	2026-07-23 14:38:25.88+00	2026-07-23 14:38:25.88+00	INBOUND	807	+573181380043
711d294c-da37-4424-9d6d-0ffdfd533315	RESOLVED	c7f0304c-a88d-4738-b4b4-19a5c325ff14	5308e0b6-978b-4208-aca8-98d0b69f5248	2026-07-10 20:19:16.88+00	2026-07-10 20:25:10.88+00	2026-07-23 14:38:25.88+00	2026-07-23 14:38:25.88+00	OUTBOUND	354	+573107970405
75207469-84c0-46ca-8d0c-01bcf05068c7	RESOLVED	1fe6f281-15e1-4892-bf7b-6d3eeb03e238	132f27dc-ce3d-4854-92eb-7a85169a807c	2026-07-16 20:49:47.88+00	2026-07-16 21:02:09.88+00	2026-07-23 14:38:25.88+00	2026-07-23 14:38:25.88+00	INBOUND	742	+573173068103
b3054e44-7186-483a-80aa-d81ac764c50a	RESOLVED	6d2209aa-49e9-4472-bda5-7c8ff13eb923	dc253524-cdd6-4e8f-89fc-a40a9b1dab72	2026-07-10 04:33:44.88+00	2026-07-10 04:36:15.88+00	2026-07-23 14:38:25.88+00	2026-07-23 14:38:25.88+00	OUTBOUND	151	+573099475870
ad14cba0-64e3-439e-adcc-aa8156b4501d	OPEN	c7f0304c-a88d-4738-b4b4-19a5c325ff14	\N	2026-07-14 17:55:17.88+00	\N	2026-07-23 14:38:25.88+00	2026-07-23 14:38:25.88+00	INBOUND	95	+573189604684
cdda1244-168e-4ab9-ba78-c373154771e8	RESOLVED	4f2035d2-53ac-470e-b040-86f37dc80b5c	5308e0b6-978b-4208-aca8-98d0b69f5248	2026-07-11 04:28:04.88+00	2026-07-11 04:30:01.88+00	2026-07-23 14:38:25.88+00	2026-07-23 14:38:25.88+00	OUTBOUND	117	+573150591317
9b58d4d3-f305-44ac-b7c5-037ca560995d	RESOLVED	1fe6f281-15e1-4892-bf7b-6d3eeb03e238	e51ee013-4e37-43c2-a254-ab8de2c2db31	2026-07-10 17:13:04.88+00	2026-07-10 17:24:12.88+00	2026-07-23 14:38:25.88+00	2026-07-23 14:38:25.88+00	OUTBOUND	668	+573218845782
79a63b11-ca43-474f-855b-c358938e54b7	RESOLVED	6d2209aa-49e9-4472-bda5-7c8ff13eb923	5308e0b6-978b-4208-aca8-98d0b69f5248	2026-07-20 05:32:01.88+00	2026-07-20 05:37:25.88+00	2026-07-23 14:38:25.88+00	2026-07-23 14:38:25.88+00	INBOUND	324	+573229140928
9d7b1765-57e3-4598-90ea-be46e864c169	RESOLVED	c7f0304c-a88d-4738-b4b4-19a5c325ff14	95ae9ce4-a127-48bb-ae57-369586535bdb	2026-07-21 18:55:35.88+00	2026-07-21 19:00:19.88+00	2026-07-23 14:38:25.88+00	2026-07-23 14:38:25.88+00	OUTBOUND	284	+573037535301
e2db1867-dd2b-474e-9870-111e122479b8	RESOLVED	1fe6f281-15e1-4892-bf7b-6d3eeb03e238	5308e0b6-978b-4208-aca8-98d0b69f5248	2026-07-17 16:11:49.88+00	2026-07-17 16:16:53.88+00	2026-07-23 14:38:25.88+00	2026-07-23 14:38:25.88+00	INBOUND	304	+573217326598
d1f0f7b9-a899-48a2-884d-0479d77552c6	RESOLVED	6d2209aa-49e9-4472-bda5-7c8ff13eb923	e51ee013-4e37-43c2-a254-ab8de2c2db31	2026-07-19 08:03:57.88+00	2026-07-19 08:15:56.88+00	2026-07-23 14:38:25.88+00	2026-07-23 14:38:25.88+00	INBOUND	719	+573049629632
54bafaab-9fd0-4cd3-84af-fb207229d163	RESOLVED	c7f0304c-a88d-4738-b4b4-19a5c325ff14	dc253524-cdd6-4e8f-89fc-a40a9b1dab72	2026-07-11 03:53:32.88+00	2026-07-11 03:54:59.88+00	2026-07-23 14:38:25.88+00	2026-07-23 14:38:25.88+00	INBOUND	87	+573151408839
52079d26-cc91-4ed7-a536-ef8105d5f04a	RESOLVED	6d2209aa-49e9-4472-bda5-7c8ff13eb923	e51ee013-4e37-43c2-a254-ab8de2c2db31	2026-07-09 18:52:09.88+00	2026-07-09 18:56:13.88+00	2026-07-23 14:38:25.88+00	2026-07-23 14:38:25.88+00	OUTBOUND	244	+573292497148
ca3d5243-d67d-4272-a28d-3444d16d7c89	RESOLVED	4f2035d2-53ac-470e-b040-86f37dc80b5c	e51ee013-4e37-43c2-a254-ab8de2c2db31	2026-07-18 14:11:50.88+00	2026-07-18 14:14:03.88+00	2026-07-23 14:38:25.88+00	2026-07-23 14:38:25.88+00	OUTBOUND	133	+573227797627
e1e3e748-cab4-4ccc-8957-3316d4dba85a	OPEN	6d2209aa-49e9-4472-bda5-7c8ff13eb923	\N	2026-07-10 13:01:58.88+00	\N	2026-07-23 14:38:25.88+00	2026-07-23 14:38:25.88+00	INBOUND	749	+573185263738
017c5f80-7064-43d8-93ae-7c5d8b4dd10c	RESOLVED	4f2035d2-53ac-470e-b040-86f37dc80b5c	5308e0b6-978b-4208-aca8-98d0b69f5248	2026-07-21 06:22:57.88+00	2026-07-21 06:24:33.88+00	2026-07-23 14:38:25.88+00	2026-07-23 14:38:25.88+00	OUTBOUND	96	+573066034044
a5acde9f-b4e0-4873-ad6d-21592909d382	RESOLVED	1fe6f281-15e1-4892-bf7b-6d3eeb03e238	132f27dc-ce3d-4854-92eb-7a85169a807c	2026-07-18 20:42:41.88+00	2026-07-18 20:44:29.88+00	2026-07-23 14:38:25.88+00	2026-07-23 14:38:25.88+00	INBOUND	108	+573146998022
0a2ec668-a2a7-451b-a4ac-25a016ecd15d	RESOLVED	4f2035d2-53ac-470e-b040-86f37dc80b5c	132f27dc-ce3d-4854-92eb-7a85169a807c	2026-07-13 00:41:50.88+00	2026-07-13 00:47:45.88+00	2026-07-23 14:38:25.88+00	2026-07-23 14:38:25.88+00	OUTBOUND	355	+573154729201
1bf588fa-f1bb-4c7e-8c3b-a3e3f8e1907e	RESOLVED	1fe6f281-15e1-4892-bf7b-6d3eeb03e238	132f27dc-ce3d-4854-92eb-7a85169a807c	2026-07-10 12:44:25.88+00	2026-07-10 12:47:16.88+00	2026-07-23 14:38:25.88+00	2026-07-23 14:38:25.88+00	OUTBOUND	171	+573150600421
b41c8216-0307-4e00-93f8-2bdbcf29b5a2	RESOLVED	6d2209aa-49e9-4472-bda5-7c8ff13eb923	95ae9ce4-a127-48bb-ae57-369586535bdb	2026-07-17 15:36:08.88+00	2026-07-17 15:50:43.88+00	2026-07-23 14:38:25.88+00	2026-07-23 14:38:25.88+00	OUTBOUND	875	+573001489051
6f6d5c66-0b6f-4360-b289-c79a41500b54	RESOLVED	1fe6f281-15e1-4892-bf7b-6d3eeb03e238	95ae9ce4-a127-48bb-ae57-369586535bdb	2026-07-15 18:56:19.88+00	2026-07-15 19:10:01.88+00	2026-07-23 14:38:25.88+00	2026-07-23 14:38:25.88+00	OUTBOUND	822	+573263273353
f4700d46-c815-4ee9-ab1a-3e42c913657c	RESOLVED	c7f0304c-a88d-4738-b4b4-19a5c325ff14	132f27dc-ce3d-4854-92eb-7a85169a807c	2026-07-21 04:46:27.88+00	2026-07-21 04:50:53.88+00	2026-07-23 14:38:25.88+00	2026-07-23 14:38:25.88+00	INBOUND	266	+573285085854
51307f97-4c2c-43ed-b0b3-9be8344e0794	RESOLVED	1fe6f281-15e1-4892-bf7b-6d3eeb03e238	5308e0b6-978b-4208-aca8-98d0b69f5248	2026-07-20 04:52:19.88+00	2026-07-20 05:05:05.88+00	2026-07-23 14:38:25.88+00	2026-07-23 14:38:25.88+00	OUTBOUND	766	+573178463559
3f7b833c-46de-428c-9bcc-c31228165b88	IN_PROGRESS	c7f0304c-a88d-4738-b4b4-19a5c325ff14	\N	2026-07-20 19:00:35.88+00	\N	2026-07-23 14:38:25.88+00	2026-07-23 14:38:25.88+00	OUTBOUND	250	+573208335931
c0cfe205-ef84-4fdf-b522-cdd8d3275fd6	RESOLVED	6d2209aa-49e9-4472-bda5-7c8ff13eb923	95ae9ce4-a127-48bb-ae57-369586535bdb	2026-07-15 04:47:46.88+00	2026-07-15 05:01:11.88+00	2026-07-23 14:38:25.88+00	2026-07-23 14:38:25.88+00	OUTBOUND	805	+573103764648
6ad20dfc-e55b-46f2-bb67-86f6b52de98d	IN_PROGRESS	4f2035d2-53ac-470e-b040-86f37dc80b5c	\N	2026-07-15 19:09:02.88+00	\N	2026-07-23 14:38:25.88+00	2026-07-23 14:38:25.88+00	OUTBOUND	500	+573181002801
eb2d6900-7861-4ab3-bb3b-151c6c3a09b9	RESOLVED	c7f0304c-a88d-4738-b4b4-19a5c325ff14	5308e0b6-978b-4208-aca8-98d0b69f5248	2026-07-17 06:08:33.88+00	2026-07-17 06:14:41.88+00	2026-07-23 14:38:25.88+00	2026-07-23 14:38:25.88+00	OUTBOUND	368	+573052336264
c17faca0-7ad6-4569-89b8-51a6bc2af675	RESOLVED	c7f0304c-a88d-4738-b4b4-19a5c325ff14	132f27dc-ce3d-4854-92eb-7a85169a807c	2026-07-13 16:02:22.88+00	2026-07-13 16:17:01.88+00	2026-07-23 14:38:25.88+00	2026-07-23 14:38:25.88+00	OUTBOUND	879	+573138765657
ec5ba1b4-277e-4f54-985d-e6bb1d8bb13c	RESOLVED	4f2035d2-53ac-470e-b040-86f37dc80b5c	132f27dc-ce3d-4854-92eb-7a85169a807c	2026-07-12 23:59:45.88+00	2026-07-13 00:02:10.88+00	2026-07-23 14:38:25.88+00	2026-07-23 14:38:25.88+00	INBOUND	145	+573061277046
92210e1c-299f-4e0f-a315-076ef974acf5	RESOLVED	c7f0304c-a88d-4738-b4b4-19a5c325ff14	e51ee013-4e37-43c2-a254-ab8de2c2db31	2026-07-17 05:14:01.88+00	2026-07-17 05:28:23.88+00	2026-07-23 14:38:25.88+00	2026-07-23 14:38:25.88+00	OUTBOUND	862	+573127710247
827d9b3b-018a-4b9f-bdd9-9090305f1d0a	RESOLVED	c7f0304c-a88d-4738-b4b4-19a5c325ff14	95ae9ce4-a127-48bb-ae57-369586535bdb	2026-07-19 18:18:45.88+00	2026-07-19 18:31:17.88+00	2026-07-23 14:38:25.88+00	2026-07-23 14:38:25.88+00	OUTBOUND	752	+573138588910
90c00ca1-fc95-4be8-8a7d-143267be8d5d	RESOLVED	4f2035d2-53ac-470e-b040-86f37dc80b5c	dc253524-cdd6-4e8f-89fc-a40a9b1dab72	2026-07-13 23:20:18.881+00	2026-07-13 23:26:58.881+00	2026-07-23 14:38:25.881+00	2026-07-23 14:38:25.881+00	OUTBOUND	400	+573142974849
6f8d7eaf-53de-459e-b968-f6ac6a251314	RESOLVED	c7f0304c-a88d-4738-b4b4-19a5c325ff14	95ae9ce4-a127-48bb-ae57-369586535bdb	2026-07-16 19:35:22.881+00	2026-07-16 19:45:53.881+00	2026-07-23 14:38:25.881+00	2026-07-23 14:38:25.881+00	OUTBOUND	631	+573195362833
2a994bc7-3216-47e2-9159-a7d6e3daecde	IN_PROGRESS	6d2209aa-49e9-4472-bda5-7c8ff13eb923	\N	2026-07-16 12:52:42.881+00	\N	2026-07-23 14:38:25.881+00	2026-07-23 14:38:25.881+00	INBOUND	880	+573008344859
25af2828-a76a-45c0-a0c8-1d4de351ff44	RESOLVED	6d2209aa-49e9-4472-bda5-7c8ff13eb923	e51ee013-4e37-43c2-a254-ab8de2c2db31	2026-07-14 03:05:13.881+00	2026-07-14 03:12:39.881+00	2026-07-23 14:38:25.881+00	2026-07-23 14:38:25.881+00	INBOUND	446	+573122703625
b2ebaf31-4075-48c0-a5df-609eaf737b54	RESOLVED	6d2209aa-49e9-4472-bda5-7c8ff13eb923	dc253524-cdd6-4e8f-89fc-a40a9b1dab72	2026-07-10 14:56:09.881+00	2026-07-10 14:57:09.881+00	2026-07-23 14:38:25.881+00	2026-07-23 14:38:25.881+00	OUTBOUND	60	+573239078751
2c831f36-10aa-4237-b58e-b01dff27cc2a	RESOLVED	6d2209aa-49e9-4472-bda5-7c8ff13eb923	132f27dc-ce3d-4854-92eb-7a85169a807c	2026-07-10 03:54:06.881+00	2026-07-10 03:56:04.881+00	2026-07-23 14:38:25.881+00	2026-07-23 14:38:25.881+00	INBOUND	118	+573094299795
20262f39-2704-4b5f-99a9-e9bfd82f804f	IN_PROGRESS	4f2035d2-53ac-470e-b040-86f37dc80b5c	\N	2026-07-15 16:16:17.881+00	\N	2026-07-23 14:38:25.881+00	2026-07-23 14:38:25.881+00	OUTBOUND	709	+573251848881
8a0e3342-b37c-4fb8-b486-19bfabd93320	OPEN	4f2035d2-53ac-470e-b040-86f37dc80b5c	\N	2026-07-19 12:27:50.881+00	\N	2026-07-23 14:38:25.881+00	2026-07-23 14:38:25.881+00	OUTBOUND	530	+573133544068
233a4a50-1902-4908-a4d2-49a8b59bc2f7	IN_PROGRESS	6d2209aa-49e9-4472-bda5-7c8ff13eb923	\N	2026-07-18 11:54:49.881+00	\N	2026-07-23 14:38:25.881+00	2026-07-23 14:38:25.881+00	OUTBOUND	167	+573107441170
2cbf5b5a-06cd-4cb0-804c-ac85d5f54fbb	RESOLVED	c7f0304c-a88d-4738-b4b4-19a5c325ff14	132f27dc-ce3d-4854-92eb-7a85169a807c	2026-07-20 14:47:08.881+00	2026-07-20 14:49:39.881+00	2026-07-23 14:38:25.881+00	2026-07-23 14:38:25.881+00	OUTBOUND	151	+573117193704
22a8edb1-dbaf-422b-8eb6-95e27b025546	RESOLVED	c7f0304c-a88d-4738-b4b4-19a5c325ff14	dc253524-cdd6-4e8f-89fc-a40a9b1dab72	2026-07-15 09:09:48.881+00	2026-07-15 09:21:36.881+00	2026-07-23 14:38:25.881+00	2026-07-23 14:38:25.881+00	OUTBOUND	708	+573251201160
c49a1f1e-5ee9-47d4-8bf1-fe8ca35ca72e	RESOLVED	4f2035d2-53ac-470e-b040-86f37dc80b5c	e51ee013-4e37-43c2-a254-ab8de2c2db31	2026-07-15 10:22:30.881+00	2026-07-15 10:27:17.881+00	2026-07-23 14:38:25.881+00	2026-07-23 14:38:25.881+00	INBOUND	287	+573100269108
8fdbf47d-866b-4cba-838d-31466ce7f4de	RESOLVED	4f2035d2-53ac-470e-b040-86f37dc80b5c	e51ee013-4e37-43c2-a254-ab8de2c2db31	2026-07-22 14:04:57.881+00	2026-07-22 14:19:17.881+00	2026-07-23 14:38:25.881+00	2026-07-23 14:38:25.881+00	INBOUND	860	+573117559045
12ff3179-75a6-4a83-835a-51bde1806455	IN_PROGRESS	1fe6f281-15e1-4892-bf7b-6d3eeb03e238	\N	2026-07-18 19:00:46.881+00	\N	2026-07-23 14:38:25.881+00	2026-07-23 14:38:25.881+00	OUTBOUND	596	+573230239570
db7dcb44-bcfd-421d-951c-398b33ca2860	RESOLVED	4f2035d2-53ac-470e-b040-86f37dc80b5c	e51ee013-4e37-43c2-a254-ab8de2c2db31	2026-07-13 19:07:32.881+00	2026-07-13 19:15:00.881+00	2026-07-23 14:38:25.881+00	2026-07-23 14:38:25.881+00	OUTBOUND	448	+573101910017
3b256f22-ea68-4430-8b2d-e6229e857055	IN_PROGRESS	1fe6f281-15e1-4892-bf7b-6d3eeb03e238	\N	2026-07-18 16:52:58.881+00	\N	2026-07-23 14:38:25.881+00	2026-07-23 14:38:25.881+00	INBOUND	605	+573043959180
cf7d8308-898a-4357-bb04-3ddf3d248cc4	IN_PROGRESS	c7f0304c-a88d-4738-b4b4-19a5c325ff14	\N	2026-07-15 01:14:52.881+00	\N	2026-07-23 14:38:25.881+00	2026-07-23 14:38:25.881+00	OUTBOUND	258	+573087003831
d61d1474-9fd9-4a10-b046-71e0c8a5528b	RESOLVED	6d2209aa-49e9-4472-bda5-7c8ff13eb923	e51ee013-4e37-43c2-a254-ab8de2c2db31	2026-07-18 09:45:01.881+00	2026-07-18 09:51:00.881+00	2026-07-23 14:38:25.881+00	2026-07-23 14:38:25.881+00	INBOUND	359	+573297134994
d308da53-fcca-4504-b1f0-a765325fdd5a	RESOLVED	1fe6f281-15e1-4892-bf7b-6d3eeb03e238	5308e0b6-978b-4208-aca8-98d0b69f5248	2026-07-10 12:25:01.881+00	2026-07-10 12:30:00.881+00	2026-07-23 14:38:25.881+00	2026-07-23 14:38:25.881+00	INBOUND	299	+573226189471
b7bfab8b-3932-451a-a43f-ec3619ad85f0	RESOLVED	1fe6f281-15e1-4892-bf7b-6d3eeb03e238	e51ee013-4e37-43c2-a254-ab8de2c2db31	2026-07-19 11:39:59.881+00	2026-07-19 11:49:02.881+00	2026-07-23 14:38:25.881+00	2026-07-23 14:38:25.881+00	INBOUND	543	+573103451142
13248a41-269a-469a-ad70-1e77a7518bfe	RESOLVED	4f2035d2-53ac-470e-b040-86f37dc80b5c	e51ee013-4e37-43c2-a254-ab8de2c2db31	2026-07-17 03:33:19.881+00	2026-07-17 03:43:11.881+00	2026-07-23 14:38:25.881+00	2026-07-23 14:38:25.881+00	OUTBOUND	592	+573151631222
c6b0c83d-4d18-4064-a197-89d835c18e27	RESOLVED	c7f0304c-a88d-4738-b4b4-19a5c325ff14	95ae9ce4-a127-48bb-ae57-369586535bdb	2026-07-17 08:47:06.881+00	2026-07-17 08:55:56.881+00	2026-07-23 14:38:25.881+00	2026-07-23 14:38:25.881+00	INBOUND	530	+573047353679
7d2d0886-6788-4925-8031-e231cad1710a	OPEN	6d2209aa-49e9-4472-bda5-7c8ff13eb923	\N	2026-07-18 17:11:10.881+00	\N	2026-07-23 14:38:25.881+00	2026-07-23 14:38:25.881+00	INBOUND	378	+573081125210
6e5897d3-a49a-43ed-a6cb-448d0d065d88	IN_PROGRESS	6d2209aa-49e9-4472-bda5-7c8ff13eb923	\N	2026-07-15 19:47:18.881+00	\N	2026-07-23 14:38:25.881+00	2026-07-23 14:38:25.881+00	INBOUND	43	+573043674169
1936c57c-061a-4046-b7c6-3f82f3a47f4b	IN_PROGRESS	4f2035d2-53ac-470e-b040-86f37dc80b5c	\N	2026-07-20 08:49:20.881+00	\N	2026-07-23 14:38:25.881+00	2026-07-23 14:38:25.881+00	OUTBOUND	142	+573088101682
ced1e91b-bff2-4695-b0ed-c8a38fa101cf	RESOLVED	1fe6f281-15e1-4892-bf7b-6d3eeb03e238	dc253524-cdd6-4e8f-89fc-a40a9b1dab72	2026-07-21 10:48:51.881+00	2026-07-21 10:57:50.881+00	2026-07-23 14:38:25.881+00	2026-07-23 14:38:25.881+00	OUTBOUND	539	+573239391219
8cbe3435-722f-43ae-a9a3-d949a0dde466	RESOLVED	4f2035d2-53ac-470e-b040-86f37dc80b5c	5308e0b6-978b-4208-aca8-98d0b69f5248	2026-07-09 17:36:11.881+00	2026-07-09 17:43:43.881+00	2026-07-23 14:38:25.881+00	2026-07-23 14:38:25.881+00	OUTBOUND	452	+573068950074
1597e64e-c435-4617-bdea-e270f195d300	RESOLVED	c7f0304c-a88d-4738-b4b4-19a5c325ff14	95ae9ce4-a127-48bb-ae57-369586535bdb	2026-07-14 12:31:25.881+00	2026-07-14 12:46:01.881+00	2026-07-23 14:38:25.881+00	2026-07-23 14:38:25.881+00	INBOUND	876	+573026224776
eaaa7392-ee12-466d-abf3-3e149c50c3ef	RESOLVED	6d2209aa-49e9-4472-bda5-7c8ff13eb923	95ae9ce4-a127-48bb-ae57-369586535bdb	2026-07-12 04:57:27.881+00	2026-07-12 05:05:19.881+00	2026-07-23 14:38:25.881+00	2026-07-23 14:38:25.881+00	OUTBOUND	472	+573108880452
981bd52e-493c-401b-98b2-cf174ab97119	IN_PROGRESS	6d2209aa-49e9-4472-bda5-7c8ff13eb923	\N	2026-07-20 21:45:15.881+00	\N	2026-07-23 14:38:25.881+00	2026-07-23 14:38:25.881+00	OUTBOUND	518	+573114839025
68495be5-3d4e-4a10-88fd-a9a00e8b32f7	RESOLVED	6d2209aa-49e9-4472-bda5-7c8ff13eb923	5308e0b6-978b-4208-aca8-98d0b69f5248	2026-07-11 14:46:27.881+00	2026-07-11 14:48:24.881+00	2026-07-23 14:38:25.881+00	2026-07-23 14:38:25.881+00	INBOUND	117	+573136366367
c882d21d-3215-4168-8914-c70d275217ba	RESOLVED	c7f0304c-a88d-4738-b4b4-19a5c325ff14	5308e0b6-978b-4208-aca8-98d0b69f5248	2026-07-20 04:50:20.881+00	2026-07-20 04:56:43.881+00	2026-07-23 14:38:25.881+00	2026-07-23 14:38:25.881+00	OUTBOUND	383	+573174168341
b2850c5e-3a7b-4530-a898-95b018b45e51	RESOLVED	1fe6f281-15e1-4892-bf7b-6d3eeb03e238	dc253524-cdd6-4e8f-89fc-a40a9b1dab72	2026-07-11 09:28:07.881+00	2026-07-11 09:40:47.881+00	2026-07-23 14:38:25.881+00	2026-07-23 14:38:25.881+00	OUTBOUND	760	+573224982357
17486079-77a7-400b-bcdc-a23ca4392e36	RESOLVED	6d2209aa-49e9-4472-bda5-7c8ff13eb923	132f27dc-ce3d-4854-92eb-7a85169a807c	2026-07-10 05:22:58.881+00	2026-07-10 05:31:54.881+00	2026-07-23 14:38:25.881+00	2026-07-23 14:38:25.881+00	INBOUND	536	+573202405023
\.


--
-- Data for Name: customer; Type: TABLE DATA; Schema: public; Owner: -
--

COPY public.customer (id, name, document_id, created_at) FROM stdin;
1849763a-226c-44d0-b0d3-b6e5fd38d4eb	Banco Demo	\N	2026-07-23 14:38:25.507+00
\.


--
-- Data for Name: disposition; Type: TABLE DATA; Schema: public; Owner: -
--

COPY public.disposition (id, code, label, active) FROM stdin;
e51ee013-4e37-43c2-a254-ab8de2c2db31	RESUELTO	Resuelto	t
5308e0b6-978b-4208-aca8-98d0b69f5248	NO_CONTESTA	No contesta	t
dc253524-cdd6-4e8f-89fc-a40a9b1dab72	BUZON	Buzón de voz	t
132f27dc-ce3d-4854-92eb-7a85169a807c	ESCALADO	Escalado	t
95ae9ce4-a127-48bb-ae57-369586535bdb	CLIENTE_COLGO	Cliente colgó	t
\.


--
-- Data for Name: mikro_orm_migrations; Type: TABLE DATA; Schema: public; Owner: -
--

COPY public.mikro_orm_migrations (id, name, executed_at) FROM stdin;
1	Migration20260722120000	2026-07-23 14:38:15.002476+00
2	Migration20260722130000	2026-07-23 14:38:15.002476+00
3	Migration20260722140000	2026-07-23 14:38:15.002476+00
4	Migration20260722150000	2026-07-23 14:38:15.002476+00
5	Migration20260723000000	2026-07-23 14:38:15.002476+00
\.


--
-- Data for Name: ticket; Type: TABLE DATA; Schema: public; Owner: -
--

COPY public.ticket (id, status, agent_id, disposition_id, opened_at, closed_at, created_at, updated_at, subject, description, priority, channel, call_id) FROM stdin;
08232359-f17a-4a33-921e-39d6ef95e2ae	RESOLVED	6d2209aa-49e9-4472-bda5-7c8ff13eb923	95ae9ce4-a127-48bb-ae57-369586535bdb	2026-07-16 07:37:28.881+00	2026-07-16 08:21:00.881+00	2026-07-23 14:38:25.881+00	2026-07-23 14:38:25.881+00	Error al actualizar datos	Al intentar actualizar su dirección, el sistema muestra un error. Se registró el caso para revisión técnica.	LOW	app	\N
c5cb31a3-508d-48ad-beac-7196b8bb7281	RESOLVED	1fe6f281-15e1-4892-bf7b-6d3eeb03e238	5308e0b6-978b-4208-aca8-98d0b69f5248	2026-07-18 19:56:00.882+00	2026-07-18 20:21:54.882+00	2026-07-23 14:38:25.882+00	2026-07-23 14:38:25.882+00	Reclamo por facturación	El cliente indica que el valor cobrado no corresponde con su plan. Se está validando con el histórico de consumo.	HIGH	app	\N
504936eb-a561-4240-9c7e-9c7d73d571fe	RESOLVED	1fe6f281-15e1-4892-bf7b-6d3eeb03e238	5308e0b6-978b-4208-aca8-98d0b69f5248	2026-07-10 06:29:19.882+00	2026-07-10 06:45:55.882+00	2026-07-23 14:38:25.882+00	2026-07-23 14:38:25.882+00	Reclamo por facturación	El cliente indica que el valor cobrado no corresponde con su plan. Se está validando con el histórico de consumo.	LOW	email	\N
9799bc10-7939-4d9a-90ae-0927287f311b	RESOLVED	6d2209aa-49e9-4472-bda5-7c8ff13eb923	5308e0b6-978b-4208-aca8-98d0b69f5248	2026-07-11 18:51:36.882+00	2026-07-11 19:23:29.882+00	2026-07-23 14:38:25.882+00	2026-07-23 14:38:25.882+00	Demora en la atención	El cliente se quejó por el tiempo de espera en la línea antes de ser atendido. Se registró la observación para el área de calidad.	MEDIUM	email	\N
6913fa5b-56c3-4cb0-95f2-1e928479069b	RESOLVED	1fe6f281-15e1-4892-bf7b-6d3eeb03e238	132f27dc-ce3d-4854-92eb-7a85169a807c	2026-07-10 17:43:40.882+00	2026-07-10 18:01:55.882+00	2026-07-23 14:38:25.882+00	2026-07-23 14:38:25.882+00	Cobro duplicado	El usuario reporta un doble cargo en la factura del mes. Se confirmó el cobro y se escaló al área de facturación para la reversa.	HIGH	whatsapp	\N
f8ab5a47-a326-4a7b-8655-911ef48a4b4d	IN_PROGRESS	1fe6f281-15e1-4892-bf7b-6d3eeb03e238	\N	2026-07-16 16:13:53.882+00	\N	2026-07-23 14:38:25.882+00	2026-07-23 14:38:25.882+00	Reclamo por facturación	El cliente indica que el valor cobrado no corresponde con su plan. Se está validando con el histórico de consumo.	HIGH	whatsapp	\N
21a01dc2-e1de-4d94-9509-929e0282e630	RESOLVED	c7f0304c-a88d-4738-b4b4-19a5c325ff14	132f27dc-ce3d-4854-92eb-7a85169a807c	2026-07-15 07:13:24.882+00	2026-07-15 07:55:32.882+00	2026-07-23 14:38:25.882+00	2026-07-23 14:38:25.882+00	Demora en la atención	El cliente se quejó por el tiempo de espera en la línea antes de ser atendido. Se registró la observación para el área de calidad.	MEDIUM	web	\N
80fed193-58a6-4826-b368-f794dde50438	RESOLVED	4f2035d2-53ac-470e-b040-86f37dc80b5c	5308e0b6-978b-4208-aca8-98d0b69f5248	2026-07-19 01:13:59.882+00	2026-07-19 01:26:53.882+00	2026-07-23 14:38:25.882+00	2026-07-23 14:38:25.882+00	Demora en la atención	El cliente se quejó por el tiempo de espera en la línea antes de ser atendido. Se registró la observación para el área de calidad.	MEDIUM	web	\N
3af49bd2-e736-4516-829e-ff64be12ddd0	IN_PROGRESS	c7f0304c-a88d-4738-b4b4-19a5c325ff14	\N	2026-07-21 12:22:56.882+00	\N	2026-07-23 14:38:25.882+00	2026-07-23 14:38:25.882+00	La aplicación se cierra sola	La app se cierra al abrir la sección de pagos. Se pidió la versión de la aplicación y el modelo del teléfono para reproducir el error.	HIGH	web	\N
921a9711-1eac-47dd-b88e-e6eb5e44423f	RESOLVED	c7f0304c-a88d-4738-b4b4-19a5c325ff14	95ae9ce4-a127-48bb-ae57-369586535bdb	2026-07-16 17:29:58.882+00	2026-07-16 18:16:41.882+00	2026-07-23 14:38:25.882+00	2026-07-23 14:38:25.882+00	Reclamo por facturación	El cliente indica que el valor cobrado no corresponde con su plan. Se está validando con el histórico de consumo.	HIGH	app	\N
ccfaf524-e066-46a8-b686-e3b23d94f681	RESOLVED	4f2035d2-53ac-470e-b040-86f37dc80b5c	95ae9ce4-a127-48bb-ae57-369586535bdb	2026-07-17 07:30:20.882+00	2026-07-17 08:21:54.882+00	2026-07-23 14:38:25.882+00	2026-07-23 14:38:25.882+00	Solicitud de información	El usuario pidió detalles sobre los planes disponibles y sus beneficios. Se le explicaron las opciones y quedó conforme.	HIGH	web	\N
3d29449e-245b-410e-935c-af4253369509	OPEN	c7f0304c-a88d-4738-b4b4-19a5c325ff14	\N	2026-07-23 11:17:08.882+00	\N	2026-07-23 14:38:25.882+00	2026-07-23 14:38:25.882+00	Demora en la atención	El cliente se quejó por el tiempo de espera en la línea antes de ser atendido. Se registró la observación para el área de calidad.	MEDIUM	whatsapp	\N
762988bf-ea14-40d3-9e07-f922b3ff2824	RESOLVED	4f2035d2-53ac-470e-b040-86f37dc80b5c	e51ee013-4e37-43c2-a254-ab8de2c2db31	2026-07-20 08:07:26.882+00	2026-07-20 08:59:42.882+00	2026-07-23 14:38:25.882+00	2026-07-23 14:38:25.882+00	Reclamo por facturación	El cliente indica que el valor cobrado no corresponde con su plan. Se está validando con el histórico de consumo.	MEDIUM	whatsapp	\N
645b1ec9-8031-4d7f-add2-2d9e208cb802	RESOLVED	1fe6f281-15e1-4892-bf7b-6d3eeb03e238	5308e0b6-978b-4208-aca8-98d0b69f5248	2026-07-20 13:24:01.882+00	2026-07-20 13:34:53.882+00	2026-07-23 14:38:25.882+00	2026-07-23 14:38:25.882+00	Reclamo por facturación	El cliente indica que el valor cobrado no corresponde con su plan. Se está validando con el histórico de consumo.	MEDIUM	app	\N
9af2766d-6ced-44c0-8aa8-0632e70aebab	RESOLVED	6d2209aa-49e9-4472-bda5-7c8ff13eb923	dc253524-cdd6-4e8f-89fc-a40a9b1dab72	2026-07-19 07:55:39.882+00	2026-07-19 08:11:50.882+00	2026-07-23 14:38:25.882+00	2026-07-23 14:38:25.882+00	Reclamo por facturación	El cliente indica que el valor cobrado no corresponde con su plan. Se está validando con el histórico de consumo.	MEDIUM	whatsapp	\N
6b9a186d-247a-4220-9a4f-674a093d785b	IN_PROGRESS	1fe6f281-15e1-4892-bf7b-6d3eeb03e238	\N	2026-07-11 13:55:50.882+00	\N	2026-07-23 14:38:25.882+00	2026-07-23 14:38:25.882+00	Demora en la atención	El cliente se quejó por el tiempo de espera en la línea antes de ser atendido. Se registró la observación para el área de calidad.	MEDIUM	web	\N
1cb9718a-0a51-4912-97eb-60064aa5326b	IN_PROGRESS	4f2035d2-53ac-470e-b040-86f37dc80b5c	\N	2026-07-09 18:16:49.882+00	\N	2026-07-23 14:38:25.882+00	2026-07-23 14:38:25.882+00	Demora en la atención	El cliente se quejó por el tiempo de espera en la línea antes de ser atendido. Se registró la observación para el área de calidad.	MEDIUM	whatsapp	\N
3aa1405a-2d68-4e97-a854-93c76d6bbcd8	RESOLVED	1fe6f281-15e1-4892-bf7b-6d3eeb03e238	e51ee013-4e37-43c2-a254-ab8de2c2db31	2026-07-18 22:27:58.882+00	2026-07-18 23:26:18.882+00	2026-07-23 14:38:25.882+00	2026-07-23 14:38:25.882+00	Error al actualizar datos	Al intentar actualizar su dirección, el sistema muestra un error. Se registró el caso para revisión técnica.	LOW	web	\N
a73b129c-ab54-45d4-ac59-05a3f3b2c937	RESOLVED	6d2209aa-49e9-4472-bda5-7c8ff13eb923	132f27dc-ce3d-4854-92eb-7a85169a807c	2026-07-21 23:43:07.882+00	2026-07-21 23:45:22.882+00	2026-07-23 14:38:25.882+00	2026-07-23 14:38:25.882+00	No puedo iniciar sesión	El cliente no logra ingresar; la cuenta figura bloqueada tras varios intentos fallidos. Se solicitó el reseteo de contraseña.	HIGH	whatsapp	\N
4d5a97d0-ff8c-49f3-88c1-809f846c4a98	RESOLVED	1fe6f281-15e1-4892-bf7b-6d3eeb03e238	95ae9ce4-a127-48bb-ae57-369586535bdb	2026-07-23 13:34:15.882+00	2026-07-23 14:06:56.882+00	2026-07-23 14:38:25.882+00	2026-07-23 14:38:25.882+00	No puedo iniciar sesión	El cliente no logra ingresar; la cuenta figura bloqueada tras varios intentos fallidos. Se solicitó el reseteo de contraseña.	LOW	whatsapp	\N
2bfc3582-4f8e-4075-ad68-a633b28a660a	RESOLVED	4f2035d2-53ac-470e-b040-86f37dc80b5c	132f27dc-ce3d-4854-92eb-7a85169a807c	2026-07-09 17:08:25.882+00	2026-07-09 17:58:32.882+00	2026-07-23 14:38:25.882+00	2026-07-23 14:38:25.882+00	La aplicación se cierra sola	La app se cierra al abrir la sección de pagos. Se pidió la versión de la aplicación y el modelo del teléfono para reproducir el error.	MEDIUM	email	\N
1c22a4e9-cfb9-437e-849e-5d83af027a07	IN_PROGRESS	4f2035d2-53ac-470e-b040-86f37dc80b5c	\N	2026-07-22 13:12:44.882+00	\N	2026-07-23 14:38:25.882+00	2026-07-23 14:38:25.882+00	La aplicación se cierra sola	La app se cierra al abrir la sección de pagos. Se pidió la versión de la aplicación y el modelo del teléfono para reproducir el error.	HIGH	email	\N
c93650fe-12c2-432b-bc20-0471d0288800	RESOLVED	c7f0304c-a88d-4738-b4b4-19a5c325ff14	dc253524-cdd6-4e8f-89fc-a40a9b1dab72	2026-07-10 01:08:19.883+00	2026-07-10 02:01:22.883+00	2026-07-23 14:38:25.883+00	2026-07-23 14:38:25.883+00	Solicitud de información	El usuario pidió detalles sobre los planes disponibles y sus beneficios. Se le explicaron las opciones y quedó conforme.	MEDIUM	app	\N
55f7459f-fcdc-4adc-bc0e-5bde60c3477c	RESOLVED	4f2035d2-53ac-470e-b040-86f37dc80b5c	132f27dc-ce3d-4854-92eb-7a85169a807c	2026-07-11 06:41:55.883+00	2026-07-11 07:36:31.883+00	2026-07-23 14:38:25.883+00	2026-07-23 14:38:25.883+00	Error al actualizar datos	Al intentar actualizar su dirección, el sistema muestra un error. Se registró el caso para revisión técnica.	MEDIUM	whatsapp	\N
772d2e33-71a6-479a-847c-dd91660fcd9e	RESOLVED	6d2209aa-49e9-4472-bda5-7c8ff13eb923	e51ee013-4e37-43c2-a254-ab8de2c2db31	2026-07-10 12:33:22.883+00	2026-07-10 12:56:52.883+00	2026-07-23 14:38:25.883+00	2026-07-23 14:38:25.883+00	Demora en la atención	El cliente se quejó por el tiempo de espera en la línea antes de ser atendido. Se registró la observación para el área de calidad.	MEDIUM	app	\N
e42f001b-82ab-4f5c-8bd9-8b17e2d0d41e	RESOLVED	1fe6f281-15e1-4892-bf7b-6d3eeb03e238	dc253524-cdd6-4e8f-89fc-a40a9b1dab72	2026-07-15 00:49:39.883+00	2026-07-15 01:03:40.883+00	2026-07-23 14:38:25.883+00	2026-07-23 14:38:25.883+00	Cobro duplicado	El usuario reporta un doble cargo en la factura del mes. Se confirmó el cobro y se escaló al área de facturación para la reversa.	LOW	web	\N
2676d995-4d4c-43a2-ad2d-81ede9b16d9b	RESOLVED	4f2035d2-53ac-470e-b040-86f37dc80b5c	95ae9ce4-a127-48bb-ae57-369586535bdb	2026-07-21 16:41:04.883+00	2026-07-21 17:30:28.883+00	2026-07-23 14:38:25.883+00	2026-07-23 14:38:25.883+00	Error al actualizar datos	Al intentar actualizar su dirección, el sistema muestra un error. Se registró el caso para revisión técnica.	HIGH	app	\N
78dd716e-2615-4edb-a6ca-2e3a1109eaaf	RESOLVED	c7f0304c-a88d-4738-b4b4-19a5c325ff14	e51ee013-4e37-43c2-a254-ab8de2c2db31	2026-07-16 19:33:59.883+00	2026-07-16 20:32:26.883+00	2026-07-23 14:38:25.883+00	2026-07-23 14:38:25.883+00	Reclamo por facturación	El cliente indica que el valor cobrado no corresponde con su plan. Se está validando con el histórico de consumo.	HIGH	whatsapp	\N
0b060346-b88b-491b-a379-bc8ad7029073	RESOLVED	1fe6f281-15e1-4892-bf7b-6d3eeb03e238	95ae9ce4-a127-48bb-ae57-369586535bdb	2026-07-20 11:32:14.883+00	2026-07-20 12:09:22.883+00	2026-07-23 14:38:25.883+00	2026-07-23 14:38:25.883+00	No puedo iniciar sesión	El cliente no logra ingresar; la cuenta figura bloqueada tras varios intentos fallidos. Se solicitó el reseteo de contraseña.	HIGH	whatsapp	\N
320773fe-1038-40a6-b247-b52417e261c9	RESOLVED	6d2209aa-49e9-4472-bda5-7c8ff13eb923	dc253524-cdd6-4e8f-89fc-a40a9b1dab72	2026-07-21 11:16:22.883+00	2026-07-21 11:21:05.883+00	2026-07-23 14:38:25.883+00	2026-07-23 14:38:25.883+00	Error al actualizar datos	Al intentar actualizar su dirección, el sistema muestra un error. Se registró el caso para revisión técnica.	LOW	email	\N
4d21b185-4c57-408d-b974-e6a5dd99d187	RESOLVED	4f2035d2-53ac-470e-b040-86f37dc80b5c	132f27dc-ce3d-4854-92eb-7a85169a807c	2026-07-13 08:09:17.883+00	2026-07-13 08:57:13.883+00	2026-07-23 14:38:25.883+00	2026-07-23 14:38:25.883+00	La aplicación se cierra sola	La app se cierra al abrir la sección de pagos. Se pidió la versión de la aplicación y el modelo del teléfono para reproducir el error.	HIGH	app	\N
28763b73-eacc-4905-af35-5850dddc39ae	RESOLVED	4f2035d2-53ac-470e-b040-86f37dc80b5c	dc253524-cdd6-4e8f-89fc-a40a9b1dab72	2026-07-22 09:44:17.883+00	2026-07-22 10:11:21.883+00	2026-07-23 14:38:25.883+00	2026-07-23 14:38:25.883+00	No puedo iniciar sesión	El cliente no logra ingresar; la cuenta figura bloqueada tras varios intentos fallidos. Se solicitó el reseteo de contraseña.	MEDIUM	email	\N
52fb406a-d732-47da-8ba8-3f5c5254cd1c	RESOLVED	1fe6f281-15e1-4892-bf7b-6d3eeb03e238	e51ee013-4e37-43c2-a254-ab8de2c2db31	2026-07-22 06:50:58.883+00	2026-07-22 07:23:22.883+00	2026-07-23 14:38:25.883+00	2026-07-23 14:38:25.883+00	Demora en la atención	El cliente se quejó por el tiempo de espera en la línea antes de ser atendido. Se registró la observación para el área de calidad.	MEDIUM	web	\N
e3329871-b395-4d0b-ba75-ad0523ced317	RESOLVED	c7f0304c-a88d-4738-b4b4-19a5c325ff14	95ae9ce4-a127-48bb-ae57-369586535bdb	2026-07-14 17:25:23.883+00	2026-07-14 18:11:08.883+00	2026-07-23 14:38:25.883+00	2026-07-23 14:38:25.883+00	Demora en la atención	El cliente se quejó por el tiempo de espera en la línea antes de ser atendido. Se registró la observación para el área de calidad.	LOW	web	\N
af2835df-3a2e-4054-88b9-f0b277d1734f	RESOLVED	6d2209aa-49e9-4472-bda5-7c8ff13eb923	dc253524-cdd6-4e8f-89fc-a40a9b1dab72	2026-07-14 08:07:08.883+00	2026-07-14 08:41:30.883+00	2026-07-23 14:38:25.883+00	2026-07-23 14:38:25.883+00	Reclamo por facturación	El cliente indica que el valor cobrado no corresponde con su plan. Se está validando con el histórico de consumo.	MEDIUM	app	\N
284990eb-e016-4f57-afb9-a042681b3fe3	IN_PROGRESS	4f2035d2-53ac-470e-b040-86f37dc80b5c	\N	2026-07-20 21:03:15.883+00	\N	2026-07-23 14:38:25.883+00	2026-07-23 14:38:25.883+00	Error al actualizar datos	Al intentar actualizar su dirección, el sistema muestra un error. Se registró el caso para revisión técnica.	HIGH	email	\N
42a355b3-76e9-48a8-b555-acbb2c1e4515	RESOLVED	c7f0304c-a88d-4738-b4b4-19a5c325ff14	95ae9ce4-a127-48bb-ae57-369586535bdb	2026-07-10 09:13:12.883+00	2026-07-10 09:18:18.883+00	2026-07-23 14:38:25.883+00	2026-07-23 14:38:25.883+00	Error al actualizar datos	Al intentar actualizar su dirección, el sistema muestra un error. Se registró el caso para revisión técnica.	HIGH	web	\N
2c17a31a-3493-4574-bd32-ca956860ac0d	RESOLVED	1fe6f281-15e1-4892-bf7b-6d3eeb03e238	dc253524-cdd6-4e8f-89fc-a40a9b1dab72	2026-07-14 20:10:23.883+00	2026-07-14 20:42:16.883+00	2026-07-23 14:38:25.883+00	2026-07-23 14:38:25.883+00	Cobro duplicado	El usuario reporta un doble cargo en la factura del mes. Se confirmó el cobro y se escaló al área de facturación para la reversa.	HIGH	web	\N
5791684e-4e37-4312-9768-622fd8f2b26a	RESOLVED	1fe6f281-15e1-4892-bf7b-6d3eeb03e238	e51ee013-4e37-43c2-a254-ab8de2c2db31	2026-07-10 10:06:43.883+00	2026-07-10 10:29:00.883+00	2026-07-23 14:38:25.883+00	2026-07-23 14:38:25.883+00	La aplicación se cierra sola	La app se cierra al abrir la sección de pagos. Se pidió la versión de la aplicación y el modelo del teléfono para reproducir el error.	HIGH	whatsapp	\N
61ec1b62-185a-4be1-9e98-acb284507b64	RESOLVED	c7f0304c-a88d-4738-b4b4-19a5c325ff14	e51ee013-4e37-43c2-a254-ab8de2c2db31	2026-07-15 03:05:23.883+00	2026-07-15 03:51:38.883+00	2026-07-23 14:38:25.883+00	2026-07-23 14:38:25.883+00	La aplicación se cierra sola	La app se cierra al abrir la sección de pagos. Se pidió la versión de la aplicación y el modelo del teléfono para reproducir el error.	HIGH	email	\N
af4bbef6-82c6-4289-b833-7292ae20e16a	IN_PROGRESS	4f2035d2-53ac-470e-b040-86f37dc80b5c	\N	2026-07-22 08:57:42.883+00	\N	2026-07-23 14:38:25.883+00	2026-07-23 14:38:25.883+00	No puedo iniciar sesión	El cliente no logra ingresar; la cuenta figura bloqueada tras varios intentos fallidos. Se solicitó el reseteo de contraseña.	HIGH	app	\N
f1102658-3b18-4664-ad01-aa35b06317ed	OPEN	6d2209aa-49e9-4472-bda5-7c8ff13eb923	\N	2026-07-18 23:31:34.883+00	\N	2026-07-23 14:38:25.883+00	2026-07-23 14:38:25.883+00	No puedo iniciar sesión	El cliente no logra ingresar; la cuenta figura bloqueada tras varios intentos fallidos. Se solicitó el reseteo de contraseña.	HIGH	email	\N
e4a136b6-46e4-4654-965d-b657ae7169bc	RESOLVED	6d2209aa-49e9-4472-bda5-7c8ff13eb923	e51ee013-4e37-43c2-a254-ab8de2c2db31	2026-07-13 21:28:56.883+00	2026-07-13 21:34:21.883+00	2026-07-23 14:38:25.883+00	2026-07-23 14:38:25.883+00	Reclamo por facturación	El cliente indica que el valor cobrado no corresponde con su plan. Se está validando con el histórico de consumo.	LOW	app	\N
64f69438-ce17-4db3-8b34-6e91b155c666	IN_PROGRESS	6d2209aa-49e9-4472-bda5-7c8ff13eb923	\N	2026-07-22 01:59:31.883+00	\N	2026-07-23 14:38:25.883+00	2026-07-23 14:38:25.883+00	No puedo iniciar sesión	El cliente no logra ingresar; la cuenta figura bloqueada tras varios intentos fallidos. Se solicitó el reseteo de contraseña.	LOW	whatsapp	\N
e99484a9-53be-4915-8c48-235d1227373c	IN_PROGRESS	4f2035d2-53ac-470e-b040-86f37dc80b5c	\N	2026-07-11 22:13:47.883+00	\N	2026-07-23 14:38:25.883+00	2026-07-23 14:38:25.883+00	Solicitud de información	El usuario pidió detalles sobre los planes disponibles y sus beneficios. Se le explicaron las opciones y quedó conforme.	HIGH	app	\N
58db9121-d25c-4831-b27c-49c32e898922	RESOLVED	4f2035d2-53ac-470e-b040-86f37dc80b5c	e51ee013-4e37-43c2-a254-ab8de2c2db31	2026-07-14 21:57:40.883+00	2026-07-14 22:26:48.883+00	2026-07-23 14:38:25.883+00	2026-07-23 14:38:25.883+00	No puedo iniciar sesión	El cliente no logra ingresar; la cuenta figura bloqueada tras varios intentos fallidos. Se solicitó el reseteo de contraseña.	MEDIUM	whatsapp	\N
541ccfe6-ee7d-4610-92c0-b6aaa46a2816	RESOLVED	1fe6f281-15e1-4892-bf7b-6d3eeb03e238	5308e0b6-978b-4208-aca8-98d0b69f5248	2026-07-16 02:38:41.883+00	2026-07-16 03:36:41.883+00	2026-07-23 14:38:25.883+00	2026-07-23 14:38:25.883+00	La aplicación se cierra sola	La app se cierra al abrir la sección de pagos. Se pidió la versión de la aplicación y el modelo del teléfono para reproducir el error.	LOW	email	\N
89c5fa06-420d-48c0-af7b-f3067966b624	RESOLVED	1fe6f281-15e1-4892-bf7b-6d3eeb03e238	95ae9ce4-a127-48bb-ae57-369586535bdb	2026-07-20 05:52:41.883+00	2026-07-20 06:43:55.883+00	2026-07-23 14:38:25.883+00	2026-07-23 14:38:25.883+00	Error al actualizar datos	Al intentar actualizar su dirección, el sistema muestra un error. Se registró el caso para revisión técnica.	LOW	email	\N
4901745a-76c5-47c7-92b9-cee349f13c29	RESOLVED	6d2209aa-49e9-4472-bda5-7c8ff13eb923	e51ee013-4e37-43c2-a254-ab8de2c2db31	2026-07-19 19:19:47.883+00	2026-07-19 19:51:07.883+00	2026-07-23 14:38:25.883+00	2026-07-23 14:38:25.883+00	La aplicación se cierra sola	La app se cierra al abrir la sección de pagos. Se pidió la versión de la aplicación y el modelo del teléfono para reproducir el error.	HIGH	whatsapp	\N
b1f0f36e-8c92-4c5e-9911-35d25fec7a5b	RESOLVED	1fe6f281-15e1-4892-bf7b-6d3eeb03e238	e51ee013-4e37-43c2-a254-ab8de2c2db31	2026-07-21 04:43:16.883+00	2026-07-21 05:05:28.883+00	2026-07-23 14:38:25.883+00	2026-07-23 14:38:25.883+00	Solicitud de información	El usuario pidió detalles sobre los planes disponibles y sus beneficios. Se le explicaron las opciones y quedó conforme.	LOW	web	\N
4e0b71d4-bd4b-4138-b5e6-8d1b5ec41833	OPEN	4f2035d2-53ac-470e-b040-86f37dc80b5c	\N	2026-07-18 15:31:42.883+00	\N	2026-07-23 14:38:25.883+00	2026-07-23 14:38:25.883+00	Cobro duplicado	El usuario reporta un doble cargo en la factura del mes. Se confirmó el cobro y se escaló al área de facturación para la reversa.	MEDIUM	whatsapp	\N
1ddae384-d0cd-42b7-a27b-cbd1dbcbb0d0	RESOLVED	c7f0304c-a88d-4738-b4b4-19a5c325ff14	95ae9ce4-a127-48bb-ae57-369586535bdb	2026-07-10 09:41:25.883+00	2026-07-10 10:05:57.883+00	2026-07-23 14:38:25.883+00	2026-07-23 14:38:25.883+00	Solicitud de información	El usuario pidió detalles sobre los planes disponibles y sus beneficios. Se le explicaron las opciones y quedó conforme.	HIGH	whatsapp	\N
1f051f40-3313-49b4-abf8-0c453f8bcb9c	RESOLVED	4f2035d2-53ac-470e-b040-86f37dc80b5c	95ae9ce4-a127-48bb-ae57-369586535bdb	2026-07-11 11:49:37.883+00	2026-07-11 11:57:09.883+00	2026-07-23 14:38:25.883+00	2026-07-23 14:38:25.883+00	Reclamo por facturación	El cliente indica que el valor cobrado no corresponde con su plan. Se está validando con el histórico de consumo.	MEDIUM	web	\N
538d01cc-0243-4642-a8bb-6f5db7a19eb6	RESOLVED	c7f0304c-a88d-4738-b4b4-19a5c325ff14	dc253524-cdd6-4e8f-89fc-a40a9b1dab72	2026-07-12 11:54:33.883+00	2026-07-12 12:03:49.883+00	2026-07-23 14:38:25.883+00	2026-07-23 14:38:25.883+00	Cobro duplicado	El usuario reporta un doble cargo en la factura del mes. Se confirmó el cobro y se escaló al área de facturación para la reversa.	LOW	app	\N
facd7dd3-3683-4243-821e-bb10f841a92e	RESOLVED	1fe6f281-15e1-4892-bf7b-6d3eeb03e238	95ae9ce4-a127-48bb-ae57-369586535bdb	2026-07-11 16:11:04.883+00	2026-07-11 17:10:18.883+00	2026-07-23 14:38:25.883+00	2026-07-23 14:38:25.883+00	Cobro duplicado	El usuario reporta un doble cargo en la factura del mes. Se confirmó el cobro y se escaló al área de facturación para la reversa.	HIGH	whatsapp	\N
bfd509b5-e6f4-43c6-b384-0f00a0568018	RESOLVED	1fe6f281-15e1-4892-bf7b-6d3eeb03e238	5308e0b6-978b-4208-aca8-98d0b69f5248	2026-07-19 00:16:48.883+00	2026-07-19 01:15:31.883+00	2026-07-23 14:38:25.883+00	2026-07-23 14:38:25.883+00	Error al actualizar datos	Al intentar actualizar su dirección, el sistema muestra un error. Se registró el caso para revisión técnica.	LOW	web	\N
023a3f19-abd8-46cb-b45a-678df3d1a267	RESOLVED	c7f0304c-a88d-4738-b4b4-19a5c325ff14	132f27dc-ce3d-4854-92eb-7a85169a807c	2026-07-17 02:50:22.883+00	2026-07-17 03:04:23.883+00	2026-07-23 14:38:25.883+00	2026-07-23 14:38:25.883+00	Solicitud de información	El usuario pidió detalles sobre los planes disponibles y sus beneficios. Se le explicaron las opciones y quedó conforme.	MEDIUM	web	\N
d16df452-68b7-416d-9b8e-3e904a5bde38	IN_PROGRESS	1fe6f281-15e1-4892-bf7b-6d3eeb03e238	\N	2026-07-16 09:33:08.883+00	\N	2026-07-23 14:38:25.883+00	2026-07-23 14:38:25.883+00	No puedo iniciar sesión	El cliente no logra ingresar; la cuenta figura bloqueada tras varios intentos fallidos. Se solicitó el reseteo de contraseña.	HIGH	email	\N
b8a3f3b0-239c-4606-97d2-9fa7fd6377a5	OPEN	1fe6f281-15e1-4892-bf7b-6d3eeb03e238	\N	2026-07-10 00:26:06.883+00	\N	2026-07-23 14:38:25.883+00	2026-07-23 14:38:25.883+00	Cobro duplicado	El usuario reporta un doble cargo en la factura del mes. Se confirmó el cobro y se escaló al área de facturación para la reversa.	HIGH	app	\N
0e8a2c3e-c603-4523-af2a-82e58d4f5bd0	IN_PROGRESS	c7f0304c-a88d-4738-b4b4-19a5c325ff14	\N	2026-07-22 06:38:22.883+00	\N	2026-07-23 14:38:25.883+00	2026-07-23 14:38:25.883+00	Demora en la atención	El cliente se quejó por el tiempo de espera en la línea antes de ser atendido. Se registró la observación para el área de calidad.	LOW	app	\N
6840d58d-4ae5-4ff3-a51c-91994bc4d408	IN_PROGRESS	c7f0304c-a88d-4738-b4b4-19a5c325ff14	\N	2026-07-19 09:03:50.883+00	\N	2026-07-23 14:38:25.883+00	2026-07-23 14:38:25.883+00	No puedo iniciar sesión	El cliente no logra ingresar; la cuenta figura bloqueada tras varios intentos fallidos. Se solicitó el reseteo de contraseña.	HIGH	web	\N
b90ea8e2-644b-46a3-8f7a-7fa2efdbaa55	RESOLVED	6d2209aa-49e9-4472-bda5-7c8ff13eb923	5308e0b6-978b-4208-aca8-98d0b69f5248	2026-07-10 07:55:15.883+00	2026-07-10 08:17:17.883+00	2026-07-23 14:38:25.883+00	2026-07-23 14:38:25.883+00	Demora en la atención	El cliente se quejó por el tiempo de espera en la línea antes de ser atendido. Se registró la observación para el área de calidad.	MEDIUM	app	\N
ff150026-4b93-4ed6-b703-faed2f642847	RESOLVED	4f2035d2-53ac-470e-b040-86f37dc80b5c	dc253524-cdd6-4e8f-89fc-a40a9b1dab72	2026-07-13 01:35:00.883+00	2026-07-13 01:38:47.883+00	2026-07-23 14:38:25.883+00	2026-07-23 14:38:25.883+00	Cobro duplicado	El usuario reporta un doble cargo en la factura del mes. Se confirmó el cobro y se escaló al área de facturación para la reversa.	MEDIUM	email	\N
7958b882-7012-4c5e-8d37-614081e46377	RESOLVED	c7f0304c-a88d-4738-b4b4-19a5c325ff14	e51ee013-4e37-43c2-a254-ab8de2c2db31	2026-07-17 10:53:07.883+00	2026-07-17 11:45:18.883+00	2026-07-23 14:38:25.883+00	2026-07-23 14:38:25.883+00	La aplicación se cierra sola	La app se cierra al abrir la sección de pagos. Se pidió la versión de la aplicación y el modelo del teléfono para reproducir el error.	MEDIUM	web	\N
2dfca6b9-0772-492d-8787-0b6194088da3	RESOLVED	c7f0304c-a88d-4738-b4b4-19a5c325ff14	132f27dc-ce3d-4854-92eb-7a85169a807c	2026-07-17 13:33:16.883+00	2026-07-17 13:45:21.883+00	2026-07-23 14:38:25.883+00	2026-07-23 14:38:25.883+00	La aplicación se cierra sola	La app se cierra al abrir la sección de pagos. Se pidió la versión de la aplicación y el modelo del teléfono para reproducir el error.	LOW	app	\N
bd2c48e3-6b67-445f-b787-9e4cd004a121	RESOLVED	6d2209aa-49e9-4472-bda5-7c8ff13eb923	e51ee013-4e37-43c2-a254-ab8de2c2db31	2026-07-21 07:00:08.883+00	2026-07-21 07:21:05.883+00	2026-07-23 14:38:25.883+00	2026-07-23 14:38:25.883+00	Demora en la atención	El cliente se quejó por el tiempo de espera en la línea antes de ser atendido. Se registró la observación para el área de calidad.	LOW	app	\N
363fd00d-5f5c-479b-94a4-ee99f3a83c26	RESOLVED	1fe6f281-15e1-4892-bf7b-6d3eeb03e238	dc253524-cdd6-4e8f-89fc-a40a9b1dab72	2026-07-20 08:10:20.883+00	2026-07-20 08:42:40.883+00	2026-07-23 14:38:25.883+00	2026-07-23 14:38:25.883+00	Demora en la atención	El cliente se quejó por el tiempo de espera en la línea antes de ser atendido. Se registró la observación para el área de calidad.	LOW	app	\N
477944f5-8988-42ea-9466-ae96e2e7c5d3	RESOLVED	6d2209aa-49e9-4472-bda5-7c8ff13eb923	132f27dc-ce3d-4854-92eb-7a85169a807c	2026-07-16 11:46:13.883+00	2026-07-16 12:16:40.883+00	2026-07-23 14:38:25.883+00	2026-07-23 14:38:25.883+00	Error al actualizar datos	Al intentar actualizar su dirección, el sistema muestra un error. Se registró el caso para revisión técnica.	LOW	whatsapp	\N
e3d69df1-c861-4928-99a3-061d53befd60	IN_PROGRESS	c7f0304c-a88d-4738-b4b4-19a5c325ff14	\N	2026-07-17 11:58:57.883+00	\N	2026-07-23 14:38:25.883+00	2026-07-23 14:38:25.883+00	Demora en la atención	El cliente se quejó por el tiempo de espera en la línea antes de ser atendido. Se registró la observación para el área de calidad.	HIGH	app	\N
2e1ce4e2-8cdf-4307-bb31-66d588ca9756	RESOLVED	c7f0304c-a88d-4738-b4b4-19a5c325ff14	e51ee013-4e37-43c2-a254-ab8de2c2db31	2026-07-20 02:58:34.883+00	2026-07-20 03:31:06.883+00	2026-07-23 14:38:25.883+00	2026-07-23 14:38:25.883+00	Solicitud de información	El usuario pidió detalles sobre los planes disponibles y sus beneficios. Se le explicaron las opciones y quedó conforme.	MEDIUM	email	\N
af065b05-0430-4770-aa2e-2537de703cf4	RESOLVED	c7f0304c-a88d-4738-b4b4-19a5c325ff14	dc253524-cdd6-4e8f-89fc-a40a9b1dab72	2026-07-15 14:51:59.883+00	2026-07-15 15:27:58.883+00	2026-07-23 14:38:25.883+00	2026-07-23 14:38:25.883+00	La aplicación se cierra sola	La app se cierra al abrir la sección de pagos. Se pidió la versión de la aplicación y el modelo del teléfono para reproducir el error.	MEDIUM	whatsapp	\N
4ae223e2-0cb3-4347-9f97-aec10cc2a21c	RESOLVED	c7f0304c-a88d-4738-b4b4-19a5c325ff14	5308e0b6-978b-4208-aca8-98d0b69f5248	2026-07-14 17:29:13.884+00	2026-07-14 17:59:43.884+00	2026-07-23 14:38:25.884+00	2026-07-23 14:38:25.884+00	Solicitud de información	El usuario pidió detalles sobre los planes disponibles y sus beneficios. Se le explicaron las opciones y quedó conforme.	MEDIUM	app	\N
60785b52-750a-450f-8632-904e9100c6b9	RESOLVED	4f2035d2-53ac-470e-b040-86f37dc80b5c	e51ee013-4e37-43c2-a254-ab8de2c2db31	2026-07-15 11:11:28.884+00	2026-07-15 11:42:35.884+00	2026-07-23 14:38:25.884+00	2026-07-23 14:38:25.884+00	Solicitud de información	El usuario pidió detalles sobre los planes disponibles y sus beneficios. Se le explicaron las opciones y quedó conforme.	MEDIUM	web	\N
2ad10400-3039-4b04-9098-252aca3ec9c0	OPEN	4f2035d2-53ac-470e-b040-86f37dc80b5c	\N	2026-07-17 09:43:18.884+00	\N	2026-07-23 14:38:25.884+00	2026-07-23 14:38:25.884+00	Error al actualizar datos	Al intentar actualizar su dirección, el sistema muestra un error. Se registró el caso para revisión técnica.	LOW	email	\N
6558e981-56a9-4758-a9d9-449ec33c3fc3	IN_PROGRESS	1fe6f281-15e1-4892-bf7b-6d3eeb03e238	\N	2026-07-20 15:41:23.884+00	\N	2026-07-23 14:38:25.884+00	2026-07-23 14:38:25.884+00	Error al actualizar datos	Al intentar actualizar su dirección, el sistema muestra un error. Se registró el caso para revisión técnica.	MEDIUM	app	\N
f97825f8-0b46-4cdb-8f18-e6755f4ecbfe	RESOLVED	4f2035d2-53ac-470e-b040-86f37dc80b5c	5308e0b6-978b-4208-aca8-98d0b69f5248	2026-07-21 05:32:31.884+00	2026-07-21 05:54:42.884+00	2026-07-23 14:38:25.884+00	2026-07-23 14:38:25.884+00	Cobro duplicado	El usuario reporta un doble cargo en la factura del mes. Se confirmó el cobro y se escaló al área de facturación para la reversa.	HIGH	whatsapp	\N
1f575e78-c5ee-4ec7-9ae8-1b0ddab64e7a	RESOLVED	1fe6f281-15e1-4892-bf7b-6d3eeb03e238	95ae9ce4-a127-48bb-ae57-369586535bdb	2026-07-11 09:19:00.884+00	2026-07-11 09:28:22.884+00	2026-07-23 14:38:25.884+00	2026-07-23 14:38:25.884+00	Reclamo por facturación	El cliente indica que el valor cobrado no corresponde con su plan. Se está validando con el histórico de consumo.	LOW	app	\N
f416d299-b6c4-4280-8d7e-79763b0d36c3	RESOLVED	1fe6f281-15e1-4892-bf7b-6d3eeb03e238	dc253524-cdd6-4e8f-89fc-a40a9b1dab72	2026-07-16 08:49:45.884+00	2026-07-16 09:27:03.884+00	2026-07-23 14:38:25.884+00	2026-07-23 14:38:25.884+00	Cobro duplicado	El usuario reporta un doble cargo en la factura del mes. Se confirmó el cobro y se escaló al área de facturación para la reversa.	LOW	email	\N
91ab416a-d750-443b-b3ed-03c3eb9ed851	RESOLVED	1fe6f281-15e1-4892-bf7b-6d3eeb03e238	dc253524-cdd6-4e8f-89fc-a40a9b1dab72	2026-07-15 01:31:26.884+00	2026-07-15 01:54:50.884+00	2026-07-23 14:38:25.884+00	2026-07-23 14:38:25.884+00	No puedo iniciar sesión	El cliente no logra ingresar; la cuenta figura bloqueada tras varios intentos fallidos. Se solicitó el reseteo de contraseña.	HIGH	email	\N
1c6f4ac2-5ad9-4938-b364-34ce455853dc	RESOLVED	c7f0304c-a88d-4738-b4b4-19a5c325ff14	e51ee013-4e37-43c2-a254-ab8de2c2db31	2026-07-10 16:32:35.884+00	2026-07-10 17:03:38.884+00	2026-07-23 14:38:25.884+00	2026-07-23 14:38:25.884+00	Error al actualizar datos	Al intentar actualizar su dirección, el sistema muestra un error. Se registró el caso para revisión técnica.	HIGH	app	\N
2b0d800b-fa85-42c2-bdab-37695e83a728	RESOLVED	1fe6f281-15e1-4892-bf7b-6d3eeb03e238	132f27dc-ce3d-4854-92eb-7a85169a807c	2026-07-15 15:26:09.884+00	2026-07-15 16:11:12.884+00	2026-07-23 14:38:25.884+00	2026-07-23 14:38:25.884+00	Solicitud de información	El usuario pidió detalles sobre los planes disponibles y sus beneficios. Se le explicaron las opciones y quedó conforme.	LOW	web	\N
17b5752e-c089-438b-9d98-44d3a496fa05	RESOLVED	4f2035d2-53ac-470e-b040-86f37dc80b5c	e51ee013-4e37-43c2-a254-ab8de2c2db31	2026-07-19 17:07:15.884+00	2026-07-19 17:49:48.884+00	2026-07-23 14:38:25.884+00	2026-07-23 14:38:25.884+00	Solicitud de información	El usuario pidió detalles sobre los planes disponibles y sus beneficios. Se le explicaron las opciones y quedó conforme.	MEDIUM	web	\N
a251db19-35e2-4152-a66f-14d4fcbd7288	RESOLVED	4f2035d2-53ac-470e-b040-86f37dc80b5c	5308e0b6-978b-4208-aca8-98d0b69f5248	2026-07-09 21:06:08.884+00	2026-07-09 21:58:06.884+00	2026-07-23 14:38:25.884+00	2026-07-23 14:38:25.884+00	La aplicación se cierra sola	La app se cierra al abrir la sección de pagos. Se pidió la versión de la aplicación y el modelo del teléfono para reproducir el error.	HIGH	whatsapp	\N
fb8e130a-9de2-4bd1-be50-510571b0fa81	RESOLVED	6d2209aa-49e9-4472-bda5-7c8ff13eb923	5308e0b6-978b-4208-aca8-98d0b69f5248	2026-07-15 01:17:11.884+00	2026-07-15 02:04:58.884+00	2026-07-23 14:38:25.884+00	2026-07-23 14:38:25.884+00	Error al actualizar datos	Al intentar actualizar su dirección, el sistema muestra un error. Se registró el caso para revisión técnica.	LOW	web	\N
1de522a2-bdd7-46bc-96c3-086d0d8236ad	RESOLVED	1fe6f281-15e1-4892-bf7b-6d3eeb03e238	dc253524-cdd6-4e8f-89fc-a40a9b1dab72	2026-07-12 23:35:47.884+00	2026-07-13 00:05:55.884+00	2026-07-23 14:38:25.884+00	2026-07-23 14:38:25.884+00	La aplicación se cierra sola	La app se cierra al abrir la sección de pagos. Se pidió la versión de la aplicación y el modelo del teléfono para reproducir el error.	LOW	web	\N
4429538e-9fe8-4963-b5b4-f33294dac9d7	IN_PROGRESS	1fe6f281-15e1-4892-bf7b-6d3eeb03e238	\N	2026-07-09 19:52:39.884+00	\N	2026-07-23 14:38:25.884+00	2026-07-23 14:38:25.884+00	La aplicación se cierra sola	La app se cierra al abrir la sección de pagos. Se pidió la versión de la aplicación y el modelo del teléfono para reproducir el error.	MEDIUM	whatsapp	\N
8e4e7a6b-56ec-496c-b248-155f050af1bd	IN_PROGRESS	6d2209aa-49e9-4472-bda5-7c8ff13eb923	\N	2026-07-11 21:50:57.884+00	\N	2026-07-23 14:38:25.884+00	2026-07-23 14:38:25.884+00	Reclamo por facturación	El cliente indica que el valor cobrado no corresponde con su plan. Se está validando con el histórico de consumo.	LOW	email	\N
d3e6ad66-3224-47d3-ae29-492f3272fd7c	RESOLVED	1fe6f281-15e1-4892-bf7b-6d3eeb03e238	95ae9ce4-a127-48bb-ae57-369586535bdb	2026-07-17 01:20:28.884+00	2026-07-17 02:07:12.884+00	2026-07-23 14:38:25.884+00	2026-07-23 14:38:25.884+00	La aplicación se cierra sola	La app se cierra al abrir la sección de pagos. Se pidió la versión de la aplicación y el modelo del teléfono para reproducir el error.	HIGH	app	\N
5b7466ac-f0f0-4161-ad52-f5be74a80f76	IN_PROGRESS	1fe6f281-15e1-4892-bf7b-6d3eeb03e238	\N	2026-07-11 04:27:16.884+00	\N	2026-07-23 14:38:25.884+00	2026-07-23 14:38:25.884+00	Demora en la atención	El cliente se quejó por el tiempo de espera en la línea antes de ser atendido. Se registró la observación para el área de calidad.	HIGH	whatsapp	\N
958e49fb-4171-48bc-8977-197cfc46000f	RESOLVED	4f2035d2-53ac-470e-b040-86f37dc80b5c	132f27dc-ce3d-4854-92eb-7a85169a807c	2026-07-20 22:14:13.884+00	2026-07-20 22:37:43.884+00	2026-07-23 14:38:25.884+00	2026-07-23 14:38:25.884+00	Error al actualizar datos	Al intentar actualizar su dirección, el sistema muestra un error. Se registró el caso para revisión técnica.	HIGH	whatsapp	\N
26726257-3c2c-40da-a48d-7115aaa27b46	RESOLVED	1fe6f281-15e1-4892-bf7b-6d3eeb03e238	132f27dc-ce3d-4854-92eb-7a85169a807c	2026-07-22 14:26:19.884+00	2026-07-22 14:56:48.884+00	2026-07-23 14:38:25.884+00	2026-07-23 14:38:25.884+00	Demora en la atención	El cliente se quejó por el tiempo de espera en la línea antes de ser atendido. Se registró la observación para el área de calidad.	MEDIUM	email	\N
c29fdd7c-5236-4428-8275-da159e3e5ebc	RESOLVED	6d2209aa-49e9-4472-bda5-7c8ff13eb923	95ae9ce4-a127-48bb-ae57-369586535bdb	2026-07-09 18:42:14.884+00	2026-07-09 18:50:22.884+00	2026-07-23 14:38:25.884+00	2026-07-23 14:38:25.884+00	Cobro duplicado	El usuario reporta un doble cargo en la factura del mes. Se confirmó el cobro y se escaló al área de facturación para la reversa.	HIGH	email	\N
0f92f39f-c615-4bb2-933a-81341c08b04e	RESOLVED	6d2209aa-49e9-4472-bda5-7c8ff13eb923	e51ee013-4e37-43c2-a254-ab8de2c2db31	2026-07-13 07:16:19.884+00	2026-07-13 08:11:20.884+00	2026-07-23 14:38:25.884+00	2026-07-23 14:38:25.884+00	La aplicación se cierra sola	La app se cierra al abrir la sección de pagos. Se pidió la versión de la aplicación y el modelo del teléfono para reproducir el error.	HIGH	whatsapp	\N
05e721e7-a8e7-4d00-b826-5aabbc8f23b8	RESOLVED	6d2209aa-49e9-4472-bda5-7c8ff13eb923	132f27dc-ce3d-4854-92eb-7a85169a807c	2026-07-19 10:49:47.884+00	2026-07-19 10:59:17.884+00	2026-07-23 14:38:25.884+00	2026-07-23 14:38:25.884+00	La aplicación se cierra sola	La app se cierra al abrir la sección de pagos. Se pidió la versión de la aplicación y el modelo del teléfono para reproducir el error.	HIGH	app	\N
51c2bd40-bcbc-43bb-ae20-4d5184ec571d	RESOLVED	6d2209aa-49e9-4472-bda5-7c8ff13eb923	95ae9ce4-a127-48bb-ae57-369586535bdb	2026-07-18 13:53:33.884+00	2026-07-18 14:32:33.884+00	2026-07-23 14:38:25.884+00	2026-07-23 14:38:25.884+00	No puedo iniciar sesión	El cliente no logra ingresar; la cuenta figura bloqueada tras varios intentos fallidos. Se solicitó el reseteo de contraseña.	HIGH	whatsapp	\N
9283491a-72b2-4963-9891-bc42bde80fcf	IN_PROGRESS	c7f0304c-a88d-4738-b4b4-19a5c325ff14	\N	2026-07-12 13:38:08.884+00	\N	2026-07-23 14:38:25.884+00	2026-07-23 14:38:25.884+00	Solicitud de información	El usuario pidió detalles sobre los planes disponibles y sus beneficios. Se le explicaron las opciones y quedó conforme.	MEDIUM	whatsapp	\N
5a8fe3ac-3ce0-4ebc-8c68-127aadce6f23	IN_PROGRESS	c7f0304c-a88d-4738-b4b4-19a5c325ff14	\N	2026-07-12 22:49:42.884+00	\N	2026-07-23 14:38:25.884+00	2026-07-23 14:38:25.884+00	La aplicación se cierra sola	La app se cierra al abrir la sección de pagos. Se pidió la versión de la aplicación y el modelo del teléfono para reproducir el error.	MEDIUM	email	\N
5f09d7da-3093-424b-aeb2-cb94948365a7	RESOLVED	4f2035d2-53ac-470e-b040-86f37dc80b5c	dc253524-cdd6-4e8f-89fc-a40a9b1dab72	2026-07-12 18:21:52.884+00	2026-07-12 18:41:05.884+00	2026-07-23 14:38:25.884+00	2026-07-23 14:38:25.884+00	Reclamo por facturación	El cliente indica que el valor cobrado no corresponde con su plan. Se está validando con el histórico de consumo.	LOW	email	\N
daf36c33-3358-4842-bf6f-7ab4bf85430a	OPEN	6d2209aa-49e9-4472-bda5-7c8ff13eb923	\N	2026-07-10 21:54:27.884+00	\N	2026-07-23 14:38:25.884+00	2026-07-23 14:38:25.884+00	No puedo iniciar sesión	El cliente no logra ingresar; la cuenta figura bloqueada tras varios intentos fallidos. Se solicitó el reseteo de contraseña.	LOW	app	\N
6a886e66-b422-41cf-9c8c-1b155e72c9bc	RESOLVED	1fe6f281-15e1-4892-bf7b-6d3eeb03e238	132f27dc-ce3d-4854-92eb-7a85169a807c	2026-07-20 10:58:44.884+00	2026-07-20 11:39:16.884+00	2026-07-23 14:38:25.884+00	2026-07-23 14:38:25.884+00	Demora en la atención	El cliente se quejó por el tiempo de espera en la línea antes de ser atendido. Se registró la observación para el área de calidad.	LOW	web	\N
fa98d3a5-0bc9-47c1-b776-2227d99f1130	RESOLVED	6d2209aa-49e9-4472-bda5-7c8ff13eb923	5308e0b6-978b-4208-aca8-98d0b69f5248	2026-07-12 03:08:31.884+00	2026-07-12 03:52:08.884+00	2026-07-23 14:38:25.884+00	2026-07-23 14:38:25.884+00	Reclamo por facturación	El cliente indica que el valor cobrado no corresponde con su plan. Se está validando con el histórico de consumo.	HIGH	app	\N
34876b03-e7bc-4d1f-af76-19f3cd936956	RESOLVED	6d2209aa-49e9-4472-bda5-7c8ff13eb923	e51ee013-4e37-43c2-a254-ab8de2c2db31	2026-07-11 15:28:50.884+00	2026-07-11 16:07:49.884+00	2026-07-23 14:38:25.884+00	2026-07-23 14:38:25.884+00	La aplicación se cierra sola	La app se cierra al abrir la sección de pagos. Se pidió la versión de la aplicación y el modelo del teléfono para reproducir el error.	HIGH	whatsapp	\N
a680cb7b-dbce-4b14-8a8f-97e482a82d64	RESOLVED	1fe6f281-15e1-4892-bf7b-6d3eeb03e238	dc253524-cdd6-4e8f-89fc-a40a9b1dab72	2026-07-21 03:19:06.884+00	2026-07-21 03:48:00.884+00	2026-07-23 14:38:25.884+00	2026-07-23 14:38:25.884+00	Reclamo por facturación	El cliente indica que el valor cobrado no corresponde con su plan. Se está validando con el histórico de consumo.	LOW	whatsapp	\N
93d3c3a6-9e85-4cc9-9f54-7449b8d514f4	RESOLVED	1fe6f281-15e1-4892-bf7b-6d3eeb03e238	e51ee013-4e37-43c2-a254-ab8de2c2db31	2026-07-13 08:56:56.884+00	2026-07-13 09:50:24.884+00	2026-07-23 14:38:25.884+00	2026-07-23 14:38:25.884+00	Reclamo por facturación	El cliente indica que el valor cobrado no corresponde con su plan. Se está validando con el histórico de consumo.	MEDIUM	whatsapp	\N
22191469-1e43-461d-b600-3fb245bd1b6e	RESOLVED	c7f0304c-a88d-4738-b4b4-19a5c325ff14	95ae9ce4-a127-48bb-ae57-369586535bdb	2026-07-18 08:18:00.884+00	2026-07-18 08:29:40.884+00	2026-07-23 14:38:25.884+00	2026-07-23 14:38:25.884+00	La aplicación se cierra sola	La app se cierra al abrir la sección de pagos. Se pidió la versión de la aplicación y el modelo del teléfono para reproducir el error.	HIGH	app	\N
c1b41f60-5d67-460b-9cc2-d6866cf48b64	RESOLVED	1fe6f281-15e1-4892-bf7b-6d3eeb03e238	e51ee013-4e37-43c2-a254-ab8de2c2db31	2026-07-10 14:26:59.884+00	2026-07-10 15:00:55.884+00	2026-07-23 14:38:25.884+00	2026-07-23 14:38:25.884+00	Reclamo por facturación	El cliente indica que el valor cobrado no corresponde con su plan. Se está validando con el histórico de consumo.	MEDIUM	whatsapp	\N
639be8a3-fa0e-4134-9801-b3b2661e012d	OPEN	c7f0304c-a88d-4738-b4b4-19a5c325ff14	\N	2026-07-23 01:20:40.884+00	\N	2026-07-23 14:38:25.884+00	2026-07-23 14:38:25.884+00	No puedo iniciar sesión	El cliente no logra ingresar; la cuenta figura bloqueada tras varios intentos fallidos. Se solicitó el reseteo de contraseña.	MEDIUM	whatsapp	\N
f5ae25ed-2d8f-496b-990a-5cd7f2679fd9	RESOLVED	6d2209aa-49e9-4472-bda5-7c8ff13eb923	e51ee013-4e37-43c2-a254-ab8de2c2db31	2026-07-18 06:26:08.884+00	2026-07-18 06:32:37.884+00	2026-07-23 14:38:25.884+00	2026-07-23 14:38:25.884+00	Error al actualizar datos	Al intentar actualizar su dirección, el sistema muestra un error. Se registró el caso para revisión técnica.	HIGH	app	\N
320155ae-7531-4777-a55c-1b5bb7b36d49	IN_PROGRESS	c7f0304c-a88d-4738-b4b4-19a5c325ff14	\N	2026-07-20 13:58:23.884+00	\N	2026-07-23 14:38:25.884+00	2026-07-23 14:38:25.884+00	Demora en la atención	El cliente se quejó por el tiempo de espera en la línea antes de ser atendido. Se registró la observación para el área de calidad.	LOW	app	\N
9a6ef64e-171b-41a8-9208-ebcaa0d4ab05	RESOLVED	1fe6f281-15e1-4892-bf7b-6d3eeb03e238	e51ee013-4e37-43c2-a254-ab8de2c2db31	2026-07-10 16:36:56.884+00	2026-07-10 17:31:52.884+00	2026-07-23 14:38:25.884+00	2026-07-23 14:38:25.884+00	Error al actualizar datos	Al intentar actualizar su dirección, el sistema muestra un error. Se registró el caso para revisión técnica.	MEDIUM	email	\N
06f152b0-4bf1-4eb9-bcbf-22f860fe4ef9	IN_PROGRESS	c7f0304c-a88d-4738-b4b4-19a5c325ff14	\N	2026-07-19 21:20:26.884+00	\N	2026-07-23 14:38:25.884+00	2026-07-23 14:38:25.884+00	No puedo iniciar sesión	El cliente no logra ingresar; la cuenta figura bloqueada tras varios intentos fallidos. Se solicitó el reseteo de contraseña.	HIGH	web	\N
1b695342-e841-4cfb-895f-90d54e869f52	IN_PROGRESS	c7f0304c-a88d-4738-b4b4-19a5c325ff14	\N	2026-07-12 02:41:54.884+00	\N	2026-07-23 14:38:25.884+00	2026-07-23 14:38:25.884+00	La aplicación se cierra sola	La app se cierra al abrir la sección de pagos. Se pidió la versión de la aplicación y el modelo del teléfono para reproducir el error.	MEDIUM	app	\N
b8ec7a71-a62f-4b79-bbe1-43bccb9ffac1	RESOLVED	4f2035d2-53ac-470e-b040-86f37dc80b5c	dc253524-cdd6-4e8f-89fc-a40a9b1dab72	2026-07-18 19:45:04.884+00	2026-07-18 19:49:28.884+00	2026-07-23 14:38:25.884+00	2026-07-23 14:38:25.884+00	Cobro duplicado	El usuario reporta un doble cargo en la factura del mes. Se confirmó el cobro y se escaló al área de facturación para la reversa.	HIGH	whatsapp	\N
03a66cf8-fbac-4396-aa98-e47f7e2e387a	RESOLVED	6d2209aa-49e9-4472-bda5-7c8ff13eb923	e51ee013-4e37-43c2-a254-ab8de2c2db31	2026-07-20 12:40:15.884+00	2026-07-20 12:48:59.884+00	2026-07-23 14:38:25.884+00	2026-07-23 14:38:25.884+00	Cobro duplicado	El usuario reporta un doble cargo en la factura del mes. Se confirmó el cobro y se escaló al área de facturación para la reversa.	HIGH	email	\N
83c269e5-a396-4927-8181-5296837b3529	IN_PROGRESS	6d2209aa-49e9-4472-bda5-7c8ff13eb923	\N	2026-07-18 08:39:27.884+00	\N	2026-07-23 14:38:25.884+00	2026-07-23 14:38:25.884+00	La aplicación se cierra sola	La app se cierra al abrir la sección de pagos. Se pidió la versión de la aplicación y el modelo del teléfono para reproducir el error.	MEDIUM	whatsapp	\N
859d6ec3-b0ba-4729-9bde-0b4d31f3354f	RESOLVED	6d2209aa-49e9-4472-bda5-7c8ff13eb923	132f27dc-ce3d-4854-92eb-7a85169a807c	2026-07-21 06:03:26.884+00	2026-07-21 06:48:37.884+00	2026-07-23 14:38:25.884+00	2026-07-23 14:38:25.884+00	Cobro duplicado	El usuario reporta un doble cargo en la factura del mes. Se confirmó el cobro y se escaló al área de facturación para la reversa.	LOW	app	\N
50b1e6aa-82ce-4545-afb8-f06f82129905	RESOLVED	4f2035d2-53ac-470e-b040-86f37dc80b5c	95ae9ce4-a127-48bb-ae57-369586535bdb	2026-07-10 23:25:08.884+00	2026-07-11 00:13:48.884+00	2026-07-23 14:38:25.884+00	2026-07-23 14:38:25.884+00	Error al actualizar datos	Al intentar actualizar su dirección, el sistema muestra un error. Se registró el caso para revisión técnica.	HIGH	web	\N
ac1c30c6-17e5-4d02-bd75-0c54500a0128	RESOLVED	4f2035d2-53ac-470e-b040-86f37dc80b5c	5308e0b6-978b-4208-aca8-98d0b69f5248	2026-07-20 00:21:42.885+00	2026-07-20 01:17:38.885+00	2026-07-23 14:38:25.885+00	2026-07-23 14:38:25.885+00	Cobro duplicado	El usuario reporta un doble cargo en la factura del mes. Se confirmó el cobro y se escaló al área de facturación para la reversa.	LOW	email	\N
8ffebe6a-9a53-4885-b1bd-11a08268385a	RESOLVED	6d2209aa-49e9-4472-bda5-7c8ff13eb923	e51ee013-4e37-43c2-a254-ab8de2c2db31	2026-07-21 21:45:26.885+00	2026-07-21 22:03:18.885+00	2026-07-23 14:38:25.885+00	2026-07-23 14:38:25.885+00	Error al actualizar datos	Al intentar actualizar su dirección, el sistema muestra un error. Se registró el caso para revisión técnica.	MEDIUM	email	\N
2bdcbb10-edb0-424f-baa2-783281e18ac7	RESOLVED	6d2209aa-49e9-4472-bda5-7c8ff13eb923	132f27dc-ce3d-4854-92eb-7a85169a807c	2026-07-19 12:31:55.885+00	2026-07-19 12:54:45.885+00	2026-07-23 14:38:25.885+00	2026-07-23 14:38:25.885+00	Demora en la atención	El cliente se quejó por el tiempo de espera en la línea antes de ser atendido. Se registró la observación para el área de calidad.	MEDIUM	app	\N
cfff585b-ad18-4570-a356-e3e2e7f9cdff	IN_PROGRESS	1fe6f281-15e1-4892-bf7b-6d3eeb03e238	\N	2026-07-21 19:37:35.885+00	\N	2026-07-23 14:38:25.885+00	2026-07-23 14:38:25.885+00	Error al actualizar datos	Al intentar actualizar su dirección, el sistema muestra un error. Se registró el caso para revisión técnica.	HIGH	app	\N
609eab80-5370-482a-ba98-88db0fb8acec	RESOLVED	1fe6f281-15e1-4892-bf7b-6d3eeb03e238	132f27dc-ce3d-4854-92eb-7a85169a807c	2026-07-18 09:37:35.885+00	2026-07-18 09:48:14.885+00	2026-07-23 14:38:25.885+00	2026-07-23 14:38:25.885+00	La aplicación se cierra sola	La app se cierra al abrir la sección de pagos. Se pidió la versión de la aplicación y el modelo del teléfono para reproducir el error.	LOW	web	\N
fee8a65b-db48-4e08-b673-8e6e7f082d03	RESOLVED	6d2209aa-49e9-4472-bda5-7c8ff13eb923	5308e0b6-978b-4208-aca8-98d0b69f5248	2026-07-20 09:24:05.885+00	2026-07-20 10:15:48.885+00	2026-07-23 14:38:25.885+00	2026-07-23 14:38:25.885+00	No puedo iniciar sesión	El cliente no logra ingresar; la cuenta figura bloqueada tras varios intentos fallidos. Se solicitó el reseteo de contraseña.	MEDIUM	whatsapp	\N
2d38ccf4-0347-41a6-a7b6-5023c33f98ad	RESOLVED	1fe6f281-15e1-4892-bf7b-6d3eeb03e238	e51ee013-4e37-43c2-a254-ab8de2c2db31	2026-07-11 06:16:04.885+00	2026-07-11 06:43:06.885+00	2026-07-23 14:38:25.885+00	2026-07-23 14:38:25.885+00	Solicitud de información	El usuario pidió detalles sobre los planes disponibles y sus beneficios. Se le explicaron las opciones y quedó conforme.	MEDIUM	email	\N
d0a3f656-aa96-4ae6-b140-bb339b4890ef	RESOLVED	4f2035d2-53ac-470e-b040-86f37dc80b5c	95ae9ce4-a127-48bb-ae57-369586535bdb	2026-07-12 01:15:01.885+00	2026-07-12 01:21:33.885+00	2026-07-23 14:38:25.885+00	2026-07-23 14:38:25.885+00	Error al actualizar datos	Al intentar actualizar su dirección, el sistema muestra un error. Se registró el caso para revisión técnica.	HIGH	app	\N
ba531ccc-98aa-4eaf-9d23-e99c53517518	RESOLVED	1fe6f281-15e1-4892-bf7b-6d3eeb03e238	132f27dc-ce3d-4854-92eb-7a85169a807c	2026-07-19 12:44:58.885+00	2026-07-19 13:39:45.885+00	2026-07-23 14:38:25.885+00	2026-07-23 14:38:25.885+00	La aplicación se cierra sola	La app se cierra al abrir la sección de pagos. Se pidió la versión de la aplicación y el modelo del teléfono para reproducir el error.	LOW	email	\N
496e9d6f-9e42-4bcd-90b0-5fe9c486584c	RESOLVED	1fe6f281-15e1-4892-bf7b-6d3eeb03e238	132f27dc-ce3d-4854-92eb-7a85169a807c	2026-07-12 12:38:26.885+00	2026-07-12 13:36:54.885+00	2026-07-23 14:38:25.885+00	2026-07-23 14:38:25.885+00	Demora en la atención	El cliente se quejó por el tiempo de espera en la línea antes de ser atendido. Se registró la observación para el área de calidad.	LOW	web	\N
daaae742-2384-4539-8b34-1bf4179c5b8e	RESOLVED	4f2035d2-53ac-470e-b040-86f37dc80b5c	e51ee013-4e37-43c2-a254-ab8de2c2db31	2026-07-20 20:37:06.885+00	2026-07-20 21:12:43.885+00	2026-07-23 14:38:25.885+00	2026-07-23 14:38:25.885+00	Reclamo por facturación	El cliente indica que el valor cobrado no corresponde con su plan. Se está validando con el histórico de consumo.	LOW	web	\N
273605e2-4a1b-4a4d-94d6-55f7a8ba23c5	RESOLVED	4f2035d2-53ac-470e-b040-86f37dc80b5c	5308e0b6-978b-4208-aca8-98d0b69f5248	2026-07-19 21:28:39.889+00	2026-07-19 21:33:37.889+00	2026-07-23 14:38:25.889+00	2026-07-23 14:38:25.889+00	No puedo iniciar sesión	El cliente no logra ingresar; la cuenta figura bloqueada tras varios intentos fallidos. Se solicitó el reseteo de contraseña.	HIGH	web	\N
55104ed9-65d8-41da-aec6-891355667c0d	RESOLVED	6d2209aa-49e9-4472-bda5-7c8ff13eb923	e51ee013-4e37-43c2-a254-ab8de2c2db31	2026-07-13 05:07:16.889+00	2026-07-13 05:54:24.889+00	2026-07-23 14:38:25.889+00	2026-07-23 14:38:25.889+00	La aplicación se cierra sola	La app se cierra al abrir la sección de pagos. Se pidió la versión de la aplicación y el modelo del teléfono para reproducir el error.	MEDIUM	email	\N
3c9a6b7a-7e8d-4951-a639-1e1460f4ec5e	RESOLVED	4f2035d2-53ac-470e-b040-86f37dc80b5c	132f27dc-ce3d-4854-92eb-7a85169a807c	2026-07-14 20:14:14.889+00	2026-07-14 21:07:12.889+00	2026-07-23 14:38:25.889+00	2026-07-23 14:38:25.889+00	Solicitud de información	El usuario pidió detalles sobre los planes disponibles y sus beneficios. Se le explicaron las opciones y quedó conforme.	HIGH	web	\N
042328a1-de84-4897-9bed-d60fb97b576a	RESOLVED	c7f0304c-a88d-4738-b4b4-19a5c325ff14	132f27dc-ce3d-4854-92eb-7a85169a807c	2026-07-12 00:56:18.889+00	2026-07-12 01:16:58.889+00	2026-07-23 14:38:25.889+00	2026-07-23 14:38:25.889+00	Demora en la atención	El cliente se quejó por el tiempo de espera en la línea antes de ser atendido. Se registró la observación para el área de calidad.	LOW	whatsapp	\N
9646ff51-5c58-4c2f-b0a7-39bc4ba38cc3	RESOLVED	6d2209aa-49e9-4472-bda5-7c8ff13eb923	95ae9ce4-a127-48bb-ae57-369586535bdb	2026-07-13 16:05:02.889+00	2026-07-13 16:41:04.889+00	2026-07-23 14:38:25.889+00	2026-07-23 14:38:25.889+00	La aplicación se cierra sola	La app se cierra al abrir la sección de pagos. Se pidió la versión de la aplicación y el modelo del teléfono para reproducir el error.	MEDIUM	app	\N
45b0436e-623d-40a5-84e5-3de5e4550b23	RESOLVED	1fe6f281-15e1-4892-bf7b-6d3eeb03e238	95ae9ce4-a127-48bb-ae57-369586535bdb	2026-07-15 00:17:02.889+00	2026-07-15 00:25:57.889+00	2026-07-23 14:38:25.889+00	2026-07-23 14:38:25.889+00	La aplicación se cierra sola	La app se cierra al abrir la sección de pagos. Se pidió la versión de la aplicación y el modelo del teléfono para reproducir el error.	HIGH	app	\N
11009de1-2c21-4d20-b012-f1a9f5cc8855	RESOLVED	6d2209aa-49e9-4472-bda5-7c8ff13eb923	dc253524-cdd6-4e8f-89fc-a40a9b1dab72	2026-07-22 14:26:51.889+00	2026-07-22 14:38:19.889+00	2026-07-23 14:38:25.889+00	2026-07-23 14:38:25.889+00	Reclamo por facturación	El cliente indica que el valor cobrado no corresponde con su plan. Se está validando con el histórico de consumo.	MEDIUM	web	\N
4fbb5477-7840-4730-98ba-f736e8ae2ebe	RESOLVED	1fe6f281-15e1-4892-bf7b-6d3eeb03e238	e51ee013-4e37-43c2-a254-ab8de2c2db31	2026-07-17 22:27:32.889+00	2026-07-17 23:26:52.889+00	2026-07-23 14:38:25.889+00	2026-07-23 14:38:25.889+00	Demora en la atención	El cliente se quejó por el tiempo de espera en la línea antes de ser atendido. Se registró la observación para el área de calidad.	LOW	web	\N
661589a3-a16a-4179-889a-55cc2cbfc73d	IN_PROGRESS	c7f0304c-a88d-4738-b4b4-19a5c325ff14	\N	2026-07-21 18:02:55.889+00	\N	2026-07-23 14:38:25.889+00	2026-07-23 14:38:25.889+00	Error al actualizar datos	Al intentar actualizar su dirección, el sistema muestra un error. Se registró el caso para revisión técnica.	HIGH	web	\N
540a89b8-d789-474e-9544-248ab3dd08fc	RESOLVED	6d2209aa-49e9-4472-bda5-7c8ff13eb923	132f27dc-ce3d-4854-92eb-7a85169a807c	2026-07-14 00:21:18.889+00	2026-07-14 00:53:13.889+00	2026-07-23 14:38:25.889+00	2026-07-23 14:38:25.889+00	Cobro duplicado	El usuario reporta un doble cargo en la factura del mes. Se confirmó el cobro y se escaló al área de facturación para la reversa.	LOW	web	\N
c5d8bfeb-0744-4c48-9e88-b094b098010d	RESOLVED	c7f0304c-a88d-4738-b4b4-19a5c325ff14	e51ee013-4e37-43c2-a254-ab8de2c2db31	2026-07-17 23:58:37.889+00	2026-07-18 00:23:52.889+00	2026-07-23 14:38:25.889+00	2026-07-23 14:38:25.889+00	Solicitud de información	El usuario pidió detalles sobre los planes disponibles y sus beneficios. Se le explicaron las opciones y quedó conforme.	LOW	whatsapp	\N
d89034ce-948c-4a5d-bf6e-bf48f44066fd	RESOLVED	6d2209aa-49e9-4472-bda5-7c8ff13eb923	95ae9ce4-a127-48bb-ae57-369586535bdb	2026-07-22 23:47:47.889+00	2026-07-23 00:00:56.889+00	2026-07-23 14:38:25.889+00	2026-07-23 14:38:25.889+00	Cobro duplicado	El usuario reporta un doble cargo en la factura del mes. Se confirmó el cobro y se escaló al área de facturación para la reversa.	LOW	whatsapp	\N
d43f1555-16d1-441b-a426-392be5b92b40	RESOLVED	6d2209aa-49e9-4472-bda5-7c8ff13eb923	5308e0b6-978b-4208-aca8-98d0b69f5248	2026-07-15 23:54:00.889+00	2026-07-16 00:35:01.889+00	2026-07-23 14:38:25.889+00	2026-07-23 14:38:25.889+00	Error al actualizar datos	Al intentar actualizar su dirección, el sistema muestra un error. Se registró el caso para revisión técnica.	MEDIUM	whatsapp	\N
4523c856-7e28-479b-95a6-bd2b01de2cd9	OPEN	c7f0304c-a88d-4738-b4b4-19a5c325ff14	\N	2026-07-10 04:13:49.889+00	\N	2026-07-23 14:38:25.889+00	2026-07-23 14:38:25.889+00	Reclamo por facturación	El cliente indica que el valor cobrado no corresponde con su plan. Se está validando con el histórico de consumo.	MEDIUM	web	\N
bbf446a8-fadc-4d23-a46a-9baeee8b8772	IN_PROGRESS	4f2035d2-53ac-470e-b040-86f37dc80b5c	\N	2026-07-14 09:43:33.89+00	\N	2026-07-23 14:38:25.89+00	2026-07-23 14:38:25.89+00	Error al actualizar datos	Al intentar actualizar su dirección, el sistema muestra un error. Se registró el caso para revisión técnica.	HIGH	web	\N
c9287fc6-78b4-40c0-a023-c31e110790ad	RESOLVED	6d2209aa-49e9-4472-bda5-7c8ff13eb923	dc253524-cdd6-4e8f-89fc-a40a9b1dab72	2026-07-12 13:23:14.89+00	2026-07-12 14:03:05.89+00	2026-07-23 14:38:25.89+00	2026-07-23 14:38:25.89+00	La aplicación se cierra sola	La app se cierra al abrir la sección de pagos. Se pidió la versión de la aplicación y el modelo del teléfono para reproducir el error.	HIGH	email	\N
3d624a17-4789-472f-b118-7e566ca1eee0	RESOLVED	c7f0304c-a88d-4738-b4b4-19a5c325ff14	132f27dc-ce3d-4854-92eb-7a85169a807c	2026-07-14 15:06:30.89+00	2026-07-14 15:13:55.89+00	2026-07-23 14:38:25.89+00	2026-07-23 14:38:25.89+00	Solicitud de información	El usuario pidió detalles sobre los planes disponibles y sus beneficios. Se le explicaron las opciones y quedó conforme.	HIGH	whatsapp	\N
feb2e73a-3d07-47b2-a5dc-e990866784df	OPEN	1fe6f281-15e1-4892-bf7b-6d3eeb03e238	\N	2026-07-17 00:30:02.89+00	\N	2026-07-23 14:38:25.89+00	2026-07-23 14:38:25.89+00	Solicitud de información	El usuario pidió detalles sobre los planes disponibles y sus beneficios. Se le explicaron las opciones y quedó conforme.	MEDIUM	app	\N
20ba1a83-671b-471a-a05e-cdff01cf3c5d	IN_PROGRESS	1fe6f281-15e1-4892-bf7b-6d3eeb03e238	\N	2026-07-19 21:55:08.89+00	\N	2026-07-23 14:38:25.89+00	2026-07-23 14:38:25.89+00	Error al actualizar datos	Al intentar actualizar su dirección, el sistema muestra un error. Se registró el caso para revisión técnica.	MEDIUM	whatsapp	\N
535d5ea3-b956-4e5b-bae8-dfffff979861	IN_PROGRESS	c7f0304c-a88d-4738-b4b4-19a5c325ff14	\N	2026-07-21 11:08:53.89+00	\N	2026-07-23 14:38:25.89+00	2026-07-23 14:38:25.89+00	Reclamo por facturación	El cliente indica que el valor cobrado no corresponde con su plan. Se está validando con el histórico de consumo.	MEDIUM	email	\N
035752ae-d2d1-4722-895f-7cdaa310e459	OPEN	4f2035d2-53ac-470e-b040-86f37dc80b5c	\N	2026-07-19 00:24:11.89+00	\N	2026-07-23 14:38:25.89+00	2026-07-23 14:38:25.89+00	No puedo iniciar sesión	El cliente no logra ingresar; la cuenta figura bloqueada tras varios intentos fallidos. Se solicitó el reseteo de contraseña.	MEDIUM	email	\N
cb9edc85-b915-4d51-a1cc-cdf0dad07ef3	IN_PROGRESS	1fe6f281-15e1-4892-bf7b-6d3eeb03e238	\N	2026-07-17 05:18:59.89+00	\N	2026-07-23 14:38:25.89+00	2026-07-23 14:38:25.89+00	Cobro duplicado	El usuario reporta un doble cargo en la factura del mes. Se confirmó el cobro y se escaló al área de facturación para la reversa.	MEDIUM	app	\N
\.


--
-- Data for Name: user; Type: TABLE DATA; Schema: public; Owner: -
--

COPY public."user" (id, name, email, role, customer_id, created_at, password_hash, availability_id) FROM stdin;
c08456ea-fdac-4e4b-b5d1-e3629642b209	Admin Demo	admin@demo.co	ADMIN	1849763a-226c-44d0-b0d3-b6e5fd38d4eb	2026-07-23 14:38:25.622+00	$2b$10$F1xBb7uV1T8KcWztdZ63fesHetAawtf5QDmN3wZBQWzyP3juTJLw.	\N
6d2209aa-49e9-4472-bda5-7c8ff13eb923	Agente Demo	agente@demo.co	AGENT	1849763a-226c-44d0-b0d3-b6e5fd38d4eb	2026-07-23 14:38:25.726+00	$2b$10$TgwTGRurUWNy4feoMOf6ku51GQIX1DVBZJjTvUE7d3IXdus0.e2fK	9d7ff62a-c48a-4469-9f57-b698f449a975
4f2035d2-53ac-470e-b040-86f37dc80b5c	Marta Gómez	marta@demo.co	AGENT	1849763a-226c-44d0-b0d3-b6e5fd38d4eb	2026-07-23 14:38:25.83+00	$2b$10$9xpS/jJGE.HGg/PIHggYe.Llvuf1/udb7uDuTmy867bnkfBbHP69G	\N
1fe6f281-15e1-4892-bf7b-6d3eeb03e238	Pedro Niño	pedro@demo.co	AGENT	1849763a-226c-44d0-b0d3-b6e5fd38d4eb	2026-07-23 14:38:25.839+00	$2b$10$9xpS/jJGE.HGg/PIHggYe.Llvuf1/udb7uDuTmy867bnkfBbHP69G	\N
c7f0304c-a88d-4738-b4b4-19a5c325ff14	Carlos Ruiz	carlos@demo.co	AGENT	1849763a-226c-44d0-b0d3-b6e5fd38d4eb	2026-07-23 14:38:25.846+00	$2b$10$9xpS/jJGE.HGg/PIHggYe.Llvuf1/udb7uDuTmy867bnkfBbHP69G	\N
\.


--
-- Name: mikro_orm_migrations_id_seq; Type: SEQUENCE SET; Schema: public; Owner: -
--

SELECT pg_catalog.setval('public.mikro_orm_migrations_id_seq', 5, true);


--
-- Name: agent_availability agent_availability_code_unique; Type: CONSTRAINT; Schema: public; Owner: -
--

ALTER TABLE ONLY public.agent_availability
    ADD CONSTRAINT agent_availability_code_unique UNIQUE (code);


--
-- Name: agent_availability agent_availability_pkey; Type: CONSTRAINT; Schema: public; Owner: -
--

ALTER TABLE ONLY public.agent_availability
    ADD CONSTRAINT agent_availability_pkey PRIMARY KEY (id);


--
-- Name: call call_pkey; Type: CONSTRAINT; Schema: public; Owner: -
--

ALTER TABLE ONLY public.call
    ADD CONSTRAINT call_pkey PRIMARY KEY (id);


--
-- Name: customer customer_pkey; Type: CONSTRAINT; Schema: public; Owner: -
--

ALTER TABLE ONLY public.customer
    ADD CONSTRAINT customer_pkey PRIMARY KEY (id);


--
-- Name: disposition disposition_code_unique; Type: CONSTRAINT; Schema: public; Owner: -
--

ALTER TABLE ONLY public.disposition
    ADD CONSTRAINT disposition_code_unique UNIQUE (code);


--
-- Name: disposition disposition_pkey; Type: CONSTRAINT; Schema: public; Owner: -
--

ALTER TABLE ONLY public.disposition
    ADD CONSTRAINT disposition_pkey PRIMARY KEY (id);


--
-- Name: mikro_orm_migrations mikro_orm_migrations_pkey; Type: CONSTRAINT; Schema: public; Owner: -
--

ALTER TABLE ONLY public.mikro_orm_migrations
    ADD CONSTRAINT mikro_orm_migrations_pkey PRIMARY KEY (id);


--
-- Name: ticket ticket_pkey; Type: CONSTRAINT; Schema: public; Owner: -
--

ALTER TABLE ONLY public.ticket
    ADD CONSTRAINT ticket_pkey PRIMARY KEY (id);


--
-- Name: user user_email_unique; Type: CONSTRAINT; Schema: public; Owner: -
--

ALTER TABLE ONLY public."user"
    ADD CONSTRAINT user_email_unique UNIQUE (email);


--
-- Name: user user_pkey; Type: CONSTRAINT; Schema: public; Owner: -
--

ALTER TABLE ONLY public."user"
    ADD CONSTRAINT user_pkey PRIMARY KEY (id);


--
-- Name: call_agent_id_opened_at_index; Type: INDEX; Schema: public; Owner: -
--

CREATE INDEX call_agent_id_opened_at_index ON public.call USING btree (agent_id, opened_at);


--
-- Name: call_opened_at_index; Type: INDEX; Schema: public; Owner: -
--

CREATE INDEX call_opened_at_index ON public.call USING btree (opened_at);


--
-- Name: call_status_index; Type: INDEX; Schema: public; Owner: -
--

CREATE INDEX call_status_index ON public.call USING btree (status);


--
-- Name: ticket_agent_id_opened_at_index; Type: INDEX; Schema: public; Owner: -
--

CREATE INDEX ticket_agent_id_opened_at_index ON public.ticket USING btree (agent_id, opened_at);


--
-- Name: ticket_opened_at_index; Type: INDEX; Schema: public; Owner: -
--

CREATE INDEX ticket_opened_at_index ON public.ticket USING btree (opened_at);


--
-- Name: ticket_status_index; Type: INDEX; Schema: public; Owner: -
--

CREATE INDEX ticket_status_index ON public.ticket USING btree (status);


--
-- Name: call call_agent_id_foreign; Type: FK CONSTRAINT; Schema: public; Owner: -
--

ALTER TABLE ONLY public.call
    ADD CONSTRAINT call_agent_id_foreign FOREIGN KEY (agent_id) REFERENCES public."user"(id) ON UPDATE CASCADE;


--
-- Name: call call_disposition_id_foreign; Type: FK CONSTRAINT; Schema: public; Owner: -
--

ALTER TABLE ONLY public.call
    ADD CONSTRAINT call_disposition_id_foreign FOREIGN KEY (disposition_id) REFERENCES public.disposition(id) ON UPDATE CASCADE ON DELETE SET NULL;


--
-- Name: ticket ticket_agent_id_foreign; Type: FK CONSTRAINT; Schema: public; Owner: -
--

ALTER TABLE ONLY public.ticket
    ADD CONSTRAINT ticket_agent_id_foreign FOREIGN KEY (agent_id) REFERENCES public."user"(id) ON UPDATE CASCADE;


--
-- Name: ticket ticket_call_id_foreign; Type: FK CONSTRAINT; Schema: public; Owner: -
--

ALTER TABLE ONLY public.ticket
    ADD CONSTRAINT ticket_call_id_foreign FOREIGN KEY (call_id) REFERENCES public.call(id) ON UPDATE CASCADE ON DELETE SET NULL;


--
-- Name: ticket ticket_disposition_id_foreign; Type: FK CONSTRAINT; Schema: public; Owner: -
--

ALTER TABLE ONLY public.ticket
    ADD CONSTRAINT ticket_disposition_id_foreign FOREIGN KEY (disposition_id) REFERENCES public.disposition(id) ON UPDATE CASCADE ON DELETE SET NULL;


--
-- Name: user user_availability_id_foreign; Type: FK CONSTRAINT; Schema: public; Owner: -
--

ALTER TABLE ONLY public."user"
    ADD CONSTRAINT user_availability_id_foreign FOREIGN KEY (availability_id) REFERENCES public.agent_availability(id) ON UPDATE CASCADE ON DELETE SET NULL;


--
-- Name: user user_customer_id_foreign; Type: FK CONSTRAINT; Schema: public; Owner: -
--

ALTER TABLE ONLY public."user"
    ADD CONSTRAINT user_customer_id_foreign FOREIGN KEY (customer_id) REFERENCES public.customer(id) ON UPDATE CASCADE;


--
-- PostgreSQL database dump complete
--

\unrestrict h5zg9GT1saZbj9X0kF12idHtkVfFalglLVFCo1ox7FkBsGa0luEYSPA8Kvog0Bb

